Title,Year,Rating,Vote Count,Language
The Shawshank Redemption,1994,8.7,29328,en
The Godfather,1972,8.685,22135,en
The Godfather Part II,1974,8.571,13380,en
Schindler's List,1993,8.566,16894,en
12 Angry Men,1957,8.5,9575,en
Spirited Away,2001,8.5,17693,ja
The Dark Knight,2008,8.5,34802,en
Dilwale Dulhania Le Jayenge,1995,8.5,4521,hi
The Green Mile,1999,8.5,18594,en
Parasite,2019,8.5,19778,ko
The Lord of the Rings: The Return of the King,2003,8.491,25720,en
Pulp Fiction,1994,8.487,29357,en
Your Name.,2016,8.48,12139,ja
"The Good, the Bad and the Ugly",1966,8.5,9277,it
Interstellar,2014,8.463,38361,en
Forrest Gump,1994,8.463,28916,en
GoodFellas,1990,8.454,13819,en
Seven Samurai,1954,8.451,4041,ja
Grave of the Fireflies,1988,8.4,6219,ja
Life Is Beautiful,1997,8.44,13659,it
Fight Club,1999,8.438,31071,en
Harakiri,1962,8.4,1132,ja
Cinema Paradiso,1988,8.43,4659,it
City of God,2002,8.427,7893,pt
The Lord of the Rings: The Fellowship of the Ring,2001,8.426,26667,en
Impossible Things,2021,8.425,418,es
Psycho,1960,8.4,10656,en
A Dog's Will,2000,8.42,1193,pt
One Flew Over the Cuckoo's Nest,1975,8.413,11067,en
The Lord of the Rings: The Two Towers,2002,8.411,23152,en
Gabriel's Inferno,2020,8.401,2438,en
Once Upon a Time in America,1984,8.396,5801,en
Spider-Man: Into the Spider-Verse,2018,8.4,16644,en
Hope,2013,8.4,808,ko
The Empire Strikes Back,1980,8.394,17868,en
Howl's Moving Castle,2004,8.4,10645,ja
A Silent Voice: The Movie,2016,8.386,4278,ja
The Pianist,2002,8.379,9788,en
Se7en,1995,8.378,22345,en
Whiplash,2014,8.375,16109,en
Lucy Shimmers and the Prince of Peace,2020,8.4,330,en
Inception,2010,8.371,38318,en
Gabriel's Inferno: Part II,2020,8.369,1534,en
Gabriel's Inferno: Part III,2020,8.359,1071,en
Radical,2023,8.356,482,es
High and Low,1963,8.4,1051,ja
Rear Window,1954,8.3,6911,en
The Silence of the Lambs,1991,8.347,17314,en
Spider-Man: Across the Spider-Verse,2023,8.3,8069,en
American History X,1998,8.33,12191,en
Princess Mononoke,1997,8.325,8624,ja
Back to the Future,1985,8.323,21127,en
The Legend of Hei,2019,8.3,423,zh
The Wild Robot,2024,8.318,5543,en
The Quintessential Quintuplets Movie,2022,8.319,425,ja
Ikiru,1952,8.3,1260,ja
Dou kyu sei – Classmates,2016,8.3,420,ja
Dead Poets Society,1989,8.301,12079,en
Léon: The Professional,1994,8.3,15596,fr
Perfect Blue,1998,8.297,2993,ja
A Brighter Summer Day,1991,8.3,363,zh
"Josee, the Tiger and the Fish",2020,8.291,552,ja
The Great Dictator,1940,8.3,3566,en
Violet Evergarden: The Movie,2020,8.287,471,ja
Sunset Boulevard,1950,8.3,2796,en
Dedicated to my ex,2019,8.3,513,es
Once Upon a Studio,2023,8.3,407,en
We All Loved Each Other So Much,1974,8.3,625,it
Modern Times,1936,8.282,3927,en
Once Upon a Time in the West,1968,8.3,4693,it
It's a Wonderful Life,1946,8.275,4660,en
Counterattack,2025,8.271,768,es
The Intouchables,2011,8.271,17990,fr
Apocalypse Now,1979,8.271,8752,en
The Forge,2024,8.27,309,en
Hotarubi no Mori e,2011,8.27,1182,ja
Neon Genesis Evangelion: The End of Evangelion,1997,8.266,1750,ja
Paths of Glory,1957,8.3,3139,en
City Lights,1931,8.259,2355,en
Given,2020,8.3,410,ja
The Lion King,1994,8.256,19181,en
Miracle in Cell No. 7,2019,8.3,4500,tr
Le Trou,1960,8.3,531,fr
The Legend of 1900,1998,8.247,2368,it
Oldboy,2003,8.245,9380,ko
Rascal Does Not Dream of a Dreaming Girl,2019,8.2,569,ja
I Want to Eat Your Pancreas,2018,8.242,1689,ja
Clouds,2020,8.24,1037,en
Life in a Year,2020,8.24,1943,en
Avengers: Endgame,2019,8.237,26983,en
The Matrix,1999,8.236,27058,en
Avengers: Infinity War,2018,8.235,31192,en
Klaus,2019,8.228,4415,en
Five Feet Apart,2019,8.226,5820,en
Come and See,1985,8.2,1705,ru
Out of the Clear Blue Sky,2019,8.225,364,es
Green Book,2018,8.225,12404,en
Taylor Swift: Reputation Stadium Tour,2018,8.224,415,en
Saving Private Ryan,1998,8.221,16684,en
Gladiator,2000,8.221,20266,en
Il Sorpasso,1962,8.22,814,it
"The Boy, the Mole, the Fox and the Horse",2022,8.217,672,en
Mommy,2014,8.2,2793,fr
Wolf Children,2012,8.2,2398,ja
Michael Jackson's Thriller,1983,8.2,726,en
Inglourious Basterds,2009,8.215,23464,en
Witness for the Prosecution,1957,8.214,1578,en
Justice League Dark: Apokolips War,2020,8.212,1524,en
Demon Slayer -Kimetsu no Yaiba- The Movie: Mugen Train,2020,8.211,4327,ja
Puss in Boots: The Last Wish,2022,8.2,8512,en
The Shining,1980,8.207,18379,en
The Prestige,2006,8.205,17001,en
Evangelion: 3.0+1.0 Thrice Upon a Time,2021,8.204,890,ja
The Help,2011,8.204,8762,en
Woman in the Dunes,1964,8.2,497,ja
Star Wars,1977,8.204,21698,en
Wolfwalkers,2020,8.202,1310,en
Shutter Island,2010,8.202,25114,en
Coco,2017,8.201,20468,en
The Apartment,1960,8.2,2511,en
The Handmaiden,2016,8.2,4104,ko
KPop Demon Hunters,2025,8.195,2009,en
Doctor Who: The Day of the Doctor,2013,8.2,762,en
Hacksaw Ridge,2016,8.192,14449,en
Django Unchained,2012,8.185,27306,en
TAYLOR SWIFT | THE ERAS TOUR,2023,8.2,483,en
The Art of Racing in the Rain,2019,8.183,1608,en
A Clockwork Orange,1971,8.181,13471,en
My Mom Is a Character 3,2019,8.179,490,pt
Memento,2000,8.2,15708,en
Bicycle Thieves,1948,8.2,2555,it
Ultraman: Rising,2024,8.175,355,en
The Usual Suspects,1995,8.173,10999,en
Alien,1979,8.167,15792,en
Maquia: When the Promised Flower Blooms,2018,8.2,680,ja
Steven Universe: The Movie,2019,8.2,834,en
The Seventh Seal,1957,8.2,3217,sv
Top Gun: Maverick,2022,8.2,10389,en
Investigation of a Citizen Above Suspicion,1970,8.2,845,it
Tokyo Story,1953,8.2,1161,ja
Innocent Voices,2005,8.2,508,es
The Departed,2006,8.159,15697,en
Silenced,2011,8.158,725,ko
Scarface,1983,8.158,12593,en
Good Will Hunting,1997,8.157,13298,en
Vertigo,1958,8.2,6111,en
20th Century Girl,2022,8.1,776,ko
Piper,2016,8.149,1691,en
The Truman Show,1998,8.1,19525,en
The Kid,1921,8.146,2268,en
Casablanca,1943,8.145,5820,en
Capernaum,2018,8.144,1879,ar
My Hero Academia: Heroes Rising,2019,8.1,1236,ja
Singin' in the Rain,1952,8.1,3359,en
Togo,2019,8.141,2160,en
Palmer,2021,8.142,1833,en
Persona,1966,8.139,2333,sv
Central Station,1998,8.138,1004,pt
Terminator 2: Judgment Day,1991,8.135,13734,en
Dune: Part Two,2024,8.133,7254,en
Bound by Honor,1993,8.1,1465,en
My Friends,1975,8.1,726,it
Taxi Driver,1976,8.132,13009,en
Better Days,2019,8.1,517,zh
Joker,2019,8.131,27036,en
Dr. Strangelove or: How I Learned to Stop Worrying and Love the Bomb,1964,8.125,5950,en
Flow,2024,8.123,2475,lv
Jujutsu Kaisen 0,2021,8.123,1587,ja
Full Metal Jacket,1987,8.123,11097,en
Black Clover: Sword of the Wizard King,2023,8.121,338,ja
8½,1963,8.1,2445,it
How to Make Millions Before Grandma Dies,2024,8.119,323,th
Reservoir Dogs,1992,8.118,14983,en
Red Beard,1965,8.115,388,ja
Stalker,1979,8.115,2389,ru
"“The Shorts” by Aldo, Giovanni and Giacomo",1996,8.1,355,it
Green Snake,2021,8.112,345,zh
Wonder,2017,8.1,8104,en
Portrait of a Lady on Fire,2019,8.1,2809,fr
Soul,2020,8.104,11042,en
WALL·E,2008,8.104,19696,en
Double Indemnity,1944,8.1,1936,en
"Lock, Stock and Two Smoking Barrels",1998,8.1,6946,en
Zack Snyder's Justice League,2021,8.104,10506,en
Incendies,2010,8.1,3079,fr
Metropolis,1927,8.1,2971,de
Call Me by Your Name,2017,8.1,12503,en
Prisoners,2013,8.101,12603,en
"Miraculous World: New York, United HeroeZ",2020,8.091,1119,fr
Violet Evergarden: Eternity and the Auto Memory Doll,2019,8.098,425,ja
The Father,2020,8.098,3467,en
Wild Strawberries,1957,8.1,1748,sv
The Hunt,2012,8.1,4537,da
The Shop Around the Corner,1940,8.1,785,en
Big Deal on Madonna Street,1958,8.1,750,it
In the Mood for Love,2000,8.093,3087,cn
Eternal Sunshine of the Spotless Mind,2004,8.093,15841,en
There's Still Tomorrow,2023,8.092,1461,it
Yojimbo,1961,8.1,1604,ja
Mortal Kombat Legends: Scorpion's Revenge,2020,8.091,1426,en
"Paris, Texas",1984,8.1,2088,en
Doctor Who: The Time of the Doctor,2013,8.1,302,en
Some Like It Hot,1959,8.089,3718,en
The Hate U Give,2018,8.088,2188,en
The Tale of The Princess Kaguya,2013,8.1,1908,ja
La Haine,1995,8.086,4352,fr
Harry Potter and the Deathly Hallows: Part 2,2011,8.083,21470,en
Das Boot,1981,8.1,2385,de
The Invisible Guest,2017,8.083,4811,es
Sansho the Bailiff,1954,8.1,408,ja
Children of Paradise,1945,8.1,438,fr
All About Eve,1950,8.1,1627,en
There Will Be Blood,2007,8.077,7107,en
Far from the Tree,2021,8.1,383,en
The Great War,1959,8.1,363,it
New Gods: Nezha Reborn,2021,8.075,491,zh
The Thing,1982,8.1,7571,en
Prayers for Bobby,2009,8.071,609,en
To Live,1994,8.069,350,zh
The Best of Youth,2003,8.069,582,it
My Neighbor Totoro,1988,8.067,8483,ja
M,1931,8.1,2360,de
Memoir of a Snail,2024,8.064,698,en
2001: A Space Odyssey,1968,8.1,12183,en
"Three Billboards Outside Ebbing, Missouri",2017,8.061,10587,en
Purple Hearts,2022,8.057,2779,en
Pride & Prejudice,2005,8.058,8498,en
Elite Squad,2007,8.057,2593,pt
La Dolce Vita,1960,8.1,1973,it
Scenes from a Marriage,1974,8.1,387,sv
A Dog's Journey,2019,8.1,1585,en
Memories of Murder,2003,8.052,4314,ko
Hidden Figures,2016,8.051,10181,en
The Elephant Man,1980,8.049,3769,en
Sherlock Jr.,1924,8.049,1103,en
Rashomon,1950,8.047,2415,ja
KONOSUBA – God's blessing on this wonderful world! Legend of Crimson,2019,8.046,589,ja
A Taxi Driver,2017,8.046,1093,ko
Along with the Gods: The Last 49 Days,2018,8.0,717,ko
Oppenheimer,2023,8.0,11030,en
Me Against You: Mr. S's Vendetta,2020,8.0,469,it
Guillermo del Toro's Pinocchio,2022,8.04,3192,en
Lion,2016,8.042,6807,en
A Special Day,1977,8.0,728,it
Ran,1985,8.041,1709,ja
The Lives of Others,2006,8.038,3938,de
Look Back,2024,8.037,435,ja
Believe Me: The Abduction of Lisa McVey,2018,8.034,667,en
Along with the Gods: The Two Worlds,2017,8.0,1135,ko
Ne Zha 2,2025,8.024,475,zh
How to Train Your Dragon: Homecoming,2019,8.0,1069,en
The Grand Budapest Hotel,2014,8.033,15563,en
The Second Mother,2015,8.031,763,pt
My Name Is Khan,2010,8.03,1386,hi
The Young and the Damned,1950,8.0,513,es
The Wolf of Wall Street,2013,8.026,25230,en
Amadeus,1984,8.026,4551,en
The 400 Blows,1959,8.0,2249,fr
Transformers One,2024,8.023,1456,en
On My Skin,2018,8.0,1872,it
The Sting,1973,8.022,2814,en
Paper Lives,2021,8.0,398,tr
Kill Bill: The Whole Bloody Affair,2011,8.019,1112,en
"Rome, Open City",1945,8.019,947,it
"Veinteañera, divorciada y fantástica",2020,8.0,390,es
Scooby-Doo! and KISS: Rock and Roll Mystery,2015,8.0,333,en
Ayla: The Daughter of War,2017,8.0,380,tr
For a Few Dollars More,1965,8.0,4265,it
Judgment at Nuremberg,1961,8.016,884,en
Requiem for a Dream,2000,8.013,10613,en
Bo Burnham: Make Happy,2016,8.0,415,en
Hachi: A Dog's Tale,2009,8.011,6981,en
Harry Potter and the Prisoner of Azkaban,2004,8.01,22596,en
The Wages of Fear,1953,8.0,1026,fr
Bo Burnham: Inside,2021,8.0,565,en
Flipped,2010,8.0,3221,en
Late Spring,1949,8.0,449,ja
Ford v Ferrari,2019,8.007,8617,en
Dial M for Murder,1954,8.0,2753,en
"Toto, Peppino, and the Hussy",1956,8.0,363,it
American Beauty,1999,8.004,12665,en
Gifted,2017,8.001,5802,en
Song of the Sea,2014,8.0,1519,en
Ugetsu,1953,8.0,622,ja
Robot Dreams,2023,7.998,729,es
Room,2015,7.998,9492,en
Rocco and His Brothers,1960,8.0,635,it
Lawrence of Arabia,1962,8.0,3270,en
3 Idiots,2009,7.997,2578,hi
Citizen Kane,1941,7.997,5827,en
Black Beauty,2020,8.0,348,en
Jojo Rabbit,2019,7.995,10073,en
Paperman,2012,8.0,1758,en
To Kill a Mockingbird,1962,7.994,2756,en
Weathering with You,2019,7.993,2508,ja
The Passion of Joan of Arc,1928,8.0,1038,fr
Casino,1995,7.993,6277,en
Loving Vincent,2017,8.0,2544,en
The Imitation Game,2014,7.99,17672,en
Nights of Cabiria,1957,8.0,819,it
Barry Lyndon,1975,7.99,3044,en
Gran Torino,2008,7.989,11224,en
How to Train Your Dragon,2025,7.987,2236,en
Tae Guk Gi: The Brotherhood of War,2004,7.988,739,ko
1917,2019,7.986,13120,en
In a Heartbeat,2017,8.0,1010,en
Beyond the Universe,2022,7.99,337,pt
Love Hurts,2002,8.0,346,es
Society of the Snow,2023,7.983,3321,es
El mesero,2021,8.0,355,es
"Love, Simon",2018,7.983,6171,en
Bingo: The King of the Mornings,2017,7.983,401,pt
Cruella,2021,7.983,9804,en
The Deer Hunter,1978,7.982,4072,en
The Gold Rush,1925,7.982,1742,en
North by Northwest,1959,8.0,4337,en
Autumn Sonata,1978,7.979,669,sv
Catch Me If You Can,2002,7.979,16542,en
Sound of Freedom,2023,7.977,2641,en
Like Stars on Earth,2007,7.977,1260,hi
The Red Shoes,1948,8.0,713,en
Nobody Knows,2004,7.972,599,ja
The Hidden Fortress,1958,8.0,664,ja
Before Sunrise,1995,7.972,4490,en
The Secret in Their Eyes,2009,7.971,2732,es
Toy Story,1995,7.971,19336,en
Flamin' Hot,2023,7.969,778,en
Kill Bill: Vol. 1,2003,7.969,18336,en
Andrei Rublev,1966,7.968,900,ru
Three Men and a Leg,1997,7.966,2123,it
Chungking Express,1994,8.0,2063,cn
Castle in the Sky,1986,7.966,4495,ja
Bohemian Rhapsody,2018,7.965,17413,en
Jurassic Park,1993,7.963,17293,en
Up,2009,7.96,21119,en
Sanjuro,1962,8.0,682,ja
Trainspotting,1996,7.96,10108,en
Aliens,1986,7.956,10456,en
The Iron Giant,1999,7.955,5949,en
Ordet,1955,8.0,393,da
The Treasure of the Sierra Madre,1948,8.0,1279,en
Million Dollar Baby,2004,8.0,10075,en
Farewell My Concubine,1993,8.0,640,zh
The Way He Looks,2014,7.952,966,pt
Tel chi el telùn,1999,7.952,330,it
Kitbull,2019,7.951,388,en
Nausicaä of the Valley of the Wind,1984,7.95,3883,ja
The Count of Monte Cristo,2024,7.9,1838,fr
The Exterminating Angel,1962,7.949,701,es
Whisper of the Heart,1995,7.9,2175,ja
Close-Up,1990,7.947,426,fa
No Country for Old Men,2007,7.947,12829,en
The Sixth Sense,1999,7.947,12413,en
"Red, White & Royal Blue",2023,7.945,1461,en
All Your Faces,2023,7.944,650,fr
Miraculous World: Shanghai - The Legend of Ladydragon,2021,7.9,673,fr
Love Exposure,2009,7.9,493,ja
Mirror,1975,7.944,1039,ru
It's Such a Beautiful Day,2012,7.943,358,en
A Man Escaped,1956,7.943,587,fr
Pink Floyd: The Wall,1982,7.943,1589,en
Rope,1948,7.944,2892,en
Blade Runner,1982,7.943,14518,en
Braveheart,1995,7.942,10723,en
I'm Still Here,2024,7.94,885,pt
The Great Escape,1963,7.9,2717,en
Akira,1988,7.9,4570,ja
12 Years a Slave,2013,7.937,11702,en
Spider-Man: No Way Home,2021,7.936,21330,en
The Boy and the Beast,2015,7.936,1551,ja
Monster,2023,7.934,791,ja
La Notte,1961,7.9,715,it
The Circus,1928,7.9,859,en
When Marnie Was There,2014,7.9,1898,ja
Guardians of the Galaxy Vol. 3,2023,7.932,7818,en
The General,1926,7.9,1351,en
We Are the Nobles,2013,7.927,524,es
Don't Look Now... We're Being Shot At!,1966,7.9,1417,fr
The Cure,1995,7.9,336,en
Me Before You,2016,7.926,12905,en
The Postman,1994,7.926,1185,it
Raise the Red Lantern,1991,7.926,768,zh
Gone with the Wind,1939,7.9,4234,en
The Cabinet of Dr. Caligari,1920,7.9,1708,de
Heat,1995,7.924,7939,en
Ghost in the Shell,1995,7.924,3687,ja
Raiders of the Lost Ark,1981,7.923,13211,en
Freedom Writers,2007,7.922,2358,en
"Batman: The Dark Knight Returns, Part 2",2013,7.921,1557,en
Children of Heaven,1997,7.9,680,fa
Ivan Vasilyevich Changes His Profession,1973,7.9,382,ru
Castaway on the Moon,2009,7.92,713,ko
Raging Bull,1980,7.9,4579,en
The Cranes Are Flying,1957,7.9,426,ru
Tokyo Godfathers,2003,7.9,1416,ja
Throne of Blood,1957,7.9,939,ja
Dallas Buyers Club,2013,7.918,8823,en
One Week,1920,7.9,302,xx
The Third Man,1949,7.9,2013,en
Chinatown,1974,7.915,4090,en
Amélie,2001,7.913,12042,fr
La Strada,1954,7.912,1126,it
Diabolique,1955,7.9,1049,fr
Inside Out,2015,7.91,22964,en
About Time,2013,7.9,8971,en
Death Note Relight 1: Visions of a God,2009,7.909,373,ja
Dersu Uzala,1975,7.909,591,ru
Yi Yi,2000,7.9,620,zh
La Maison en Petits Cubes,2008,7.9,446,ja
Three Colors: Red,1994,7.908,1498,fr
Unforgiven,1992,7.908,4739,en
In This Corner of the World,2016,7.907,606,ja
CODA,2021,7.9,2432,en
Guardians of the Galaxy,2014,7.905,29068,en
Dragon Ball Super: Broly,2018,7.9,3043,ja
Return of the Jedi,1983,7.904,16469,en
Mulan,1998,7.903,10174,en
Titanic,1997,7.903,26522,en
What Ever Happened to Baby Jane?,1962,7.902,1113,en
A Street Cat Named Bob,2016,7.901,1510,en
A Trip to the Moon,1902,7.901,1911,fr
Limelight,1952,7.9,566,en
Army of Shadows,1969,7.9,705,fr
Suzume,2022,7.899,1599,ja
Nobody,2021,7.899,7912,en
Faust,1926,7.9,377,de
V for Vendetta,2006,7.899,15154,en
Harry Potter and the Philosopher's Stone,2001,7.899,28873,en
La La Land,2016,7.9,17657,en
Coraline,2009,7.897,8671,en
Rebecca,1940,7.897,1894,en
In the Name of the Father,1993,7.896,1870,en
Amarcord,1973,7.895,1169,it
Regular Show: The Movie,2015,7.9,409,en
Where Is The Friend's House?,1987,7.894,410,fa
Forgotten,2017,7.893,1253,ko
Dangal,2016,7.893,1084,hi
A Separation,2011,7.9,1880,fa
Simone: Woman of the Century,2022,7.892,369,fr
The Notebook,2004,7.892,12190,en
My Father's Violin,2022,7.9,338,tr
"No manches, Frida 2: paraíso destruido",2019,7.891,930,es
The Miracle Worker,1962,7.9,325,en
Captain Fantastic,2016,7.89,6655,en
Ben-Hur,1959,7.89,2986,en
Dragon Ball Super: Super Hero,2022,7.9,2950,ja
Gone Girl,2014,7.889,19457,en
Cries and Whispers,1972,7.889,748,sv
The Pursuit of Happyness,2006,7.889,10306,en
Ne Zha,2019,7.88,736,zh
I'm No Longer Here,2019,7.888,512,es
The Boy Who Harnessed the Wind,2019,7.888,1794,en
My Way,2011,7.9,425,ko
Winter Light,1963,7.888,483,sv
Roman Holiday,1953,7.9,2176,en
An Egg Rescue,2021,7.9,415,es
The Witch: Part 1. The Subversion,2018,7.886,684,ko
Persepolis,2007,7.885,2054,fr
Justice League: The Flashpoint Paradox,2013,7.9,1927,en
The Battle of Algiers,1966,7.9,841,it
My Hero Academia: Two Heroes,2018,7.882,1071,ja
Where Hands Touch,2018,7.882,529,en
Divorce Italian Style,1961,7.9,507,it
Teen Titans: Trouble in Tokyo,2006,7.9,440,en
"Remi, Nobody's Boy",2018,7.881,449,fr
El Infierno,2010,7.88,732,es
On the Waterfront,1954,7.88,1691,en
Mary and Max,2009,7.879,2151,en
A Whisker Away,2020,7.878,1454,ja
Miracle in Cell No. 7,2013,7.9,473,ko
A Bronx Tale,1993,7.875,2704,en
Kill Bill: Vol. 2,2004,7.875,14609,en
Ron's Gone Wrong,2021,7.871,1956,en
The Night of the Hunter,1955,7.9,1738,en
Umberto D.,1952,7.9,718,it
Bad Genius,2017,7.9,821,th
Dogman,2023,7.871,1283,fr
The Greatest Showman,2017,7.871,9813,en
Mamma Roma,1962,7.87,424,it
The Avengers,2012,7.871,34341,en
La Jetée,1962,7.87,957,fr
Young Woman and the Sea,2024,7.867,391,en
Wild Tales,2014,7.867,3600,es
Nimona,2023,7.865,1280,en
Wish Dragon,2021,7.86,1422,en
Grand Illusion,1937,7.9,748,fr
Young Frankenstein,1974,7.862,3290,en
Thirteen Lives,2022,7.861,1407,en
The Mitchells vs. the Machines,2021,7.9,3182,en
Little Women,2019,7.86,6610,en
Let Go,2024,7.863,353,sv
Sword Art Online the Movie – Progressive – Aria of a Starless Night,2021,7.859,313,ja
Sing Street,2016,7.859,2391,en
Paper Moon,1973,7.9,779,en
Predator: Killer of Killers,2025,7.858,983,en
Dancer in the Dark,2000,7.858,1914,en
Ace in the Hole,1951,7.857,710,en
Downfall,2004,7.857,4121,de
Vincent,1982,7.9,893,en
Just Mercy,2019,7.855,2410,en
Perfect Strangers,2016,7.9,4527,it
A Beautiful Mind,2001,7.855,10730,en
Werckmeister Harmonies,2001,7.9,353,hu
How to Train Your Dragon,2010,7.854,13914,en
Forgotten Love,2023,7.852,328,pl
Fargo,1996,7.85,8706,en
Stand by Me,1986,7.8,6236,en
Indiana Jones and the Last Crusade,1989,7.849,10718,en
An Autumn Afternoon,1962,7.8,309,ja
Mr. Smith Goes to Washington,1939,7.848,1135,en
"Monsters, Inc.",2001,7.847,19270,en
Redeeming Love,2022,7.8,670,en
Shoplifters,2018,7.846,2197,ja
Pather Panchali,1955,7.8,465,bn
"The Gangster, the Cop, the Devil",2019,7.845,1370,ko
Her,2013,7.845,14890,en
Warrior,2011,7.8,4842,en
Dog Day Afternoon,1975,7.845,3192,en
Knives Out,2019,7.8,13285,en
Isle of Dogs,2018,7.844,5200,en
Departures,2008,7.8,880,ja
The Virgin Spring,1960,7.843,651,sv
Always,2011,7.842,301,ko
Sherlock: The Abominable Bride,2016,7.841,2302,en
The Wizards Return: Alex vs. Alex,2013,7.843,1059,en
The Big Lebowski,1998,7.841,11800,en
Anatomy of a Murder,1959,7.8,1099,en
We Bare Bears: The Movie,2020,7.839,836,en
Dances with Wolves,1990,7.839,4514,en
Sing 2,2021,7.837,4662,en
Feast,2014,7.838,879,en
The Theory of Everything,2014,7.838,10896,en
Lisbela and the Prisoner,2003,7.838,398,pt
See You Up There,2017,7.8,1328,fr
Scooby-Doo! Camp Scare,2010,7.836,320,en
Millennium Actress,2002,7.8,959,ja
The Cameraman,1928,7.835,413,en
The Nightmare Before Christmas,1993,7.835,10033,en
Kagemusha,1980,7.834,706,ja
Ratatouille,2007,7.834,17958,en
War Room,2015,7.8,563,en
Mishima: A Life in Four Chapters,1985,7.8,330,ja
Kiki's Delivery Service,1989,7.83,4383,ja
The Breadwinner,2017,7.829,888,en
Carlito's Way,1993,7.828,3344,en
A Fistful of Dollars,1964,7.828,4534,it
Argentina 1985,2022,7.827,711,es
The Shadow in My Eye,2021,7.827,532,da
Elite Squad: The Enemy Within,2010,7.827,1969,pt
Papillon,1973,7.827,2037,en
The Marquis of Grillo,1981,7.8,488,it
It Happened One Night,1934,7.8,1343,en
Rosemary's Baby,1968,7.8,4202,en
La luna,2012,7.8,821,en
Sunrise: A Song of Two Humans,1927,7.8,863,en
Us Again,2021,7.8,340,en
Fantozzi: White Collar Blues,1975,7.824,854,it
Two Women,1960,7.8,556,it
Ivan's Childhood,1962,7.823,796,ru
3-Iron,2004,7.823,1210,ko
Finch,2021,7.82,3788,en
"No Game, No Life: Zero",2017,7.8,422,ja
Temple Grandin,2010,7.822,523,en
Tampopo,1985,7.822,404,ja
To Be or Not to Be,1942,7.8,786,en
The Boy in the Striped Pyjamas,2008,7.821,7460,en
Logan,2017,7.82,19977,en
Tod@s Caen,2019,7.819,480,es
The Bridge on the River Kwai,1957,7.819,2263,en
Network,1976,7.8,1907,en
Pirates of the Caribbean: The Curse of the Black Pearl,2003,7.8,21638,en
Finding Nemo,2003,7.8,20080,en
Snatch,2000,7.816,9610,en
Raya and the Last Dragon,2021,7.814,7105,en
The Grapes of Wrath,1940,7.8,1056,en
Charm City Kings,2020,7.8,489,en
Spotlight,2015,7.814,8560,en
World of Tomorrow,2015,7.8,345,en
"Love, Rosie",2014,7.814,6399,en
The Man Who Shot Liberty Valance,1962,7.814,1230,en
Paprika,2006,7.814,2698,ja
Joint Security Area,2000,7.8,769,ko
Invisible Life,2019,7.8,333,pt
Fantastic Mr. Fox,2009,7.812,5847,en
Midnight Sun,2018,7.811,3513,en
Close to the Horizon,2019,7.8,499,de
Before Sunset,2004,7.8,3638,en
F1,2025,7.813,2707,en
Rio Bravo,1959,7.8,1214,en
The Wrong Trousers,1993,7.8,1102,en
A Bag of Marbles,2017,7.804,881,fr
A Moment to Remember,2004,7.8,344,ko
Toy Story 3,2010,7.803,15314,en
L.A. Confidential,1997,7.804,5300,en
Mulholland Drive,2001,7.804,6754,en
Fail Safe,1964,7.8,437,en
The Best Offer,2013,7.803,2969,it
Monty Python and the Holy Grail,1975,7.8,6160,en
The Perks of Being a Wallflower,2012,7.802,10913,en
The Working Class Goes to Heaven,1971,7.8,363,it
Infernal Affairs,2002,7.802,1776,cn
Die Hard,1988,7.8,11811,en
Harry Potter and the Goblet of Fire,2005,7.8,21639,en
Land of Mine,2015,7.8,1431,da
Mr. Nobody,2009,7.8,6061,en
Into the Wild,2007,7.8,9899,en
Io Capitano,2023,7.799,784,it
My Life as a Zucchini,2016,7.799,1460,fr
Whiplash,2013,7.8,384,en
A Movie of Eggs,2006,7.799,312,es
"Spring, Summer, Fall, Winter... and Spring",2003,7.796,1143,ko
STRAW,2025,7.797,874,en
1900,1976,7.8,661,it
The Phantom Carriage,1921,7.8,342,sv
I Saw the Devil,2010,7.795,2854,ko
Porco Rosso,1992,7.794,3551,ja
Rocky,1976,7.793,8327,en
Nostalgia,1983,7.8,578,ru
The Whale,2022,7.79,4378,en
Luca,2021,7.79,8744,en
The Wind Rises,2013,7.791,3222,ja
One Hundred Steps,2000,7.8,713,it
The Dark Knight Rises,2012,7.789,23755,en
Gifted Hands: The Ben Carson Story,2009,7.789,759,en
A Woman Under the Influence,1974,7.8,538,en
Interstella 5555: The 5tory of the 5ecret 5tar 5ystem,2003,7.788,500,en
Bajrangi Bhaijaan,2015,7.787,517,hi
Evangelion: 2.0 You Can (Not) Advance,2009,7.787,947,ja
Solaris,1972,7.787,1738,ru
Presto,2008,7.785,1037,en
The Twilight Samurai,2002,7.785,340,ja
Close,2022,7.784,927,fr
Don't Be Bad,2015,7.784,1013,it
Brokeback Mountain,2005,7.785,7344,en
The Best Years of Our Lives,1946,7.8,702,en
The Specials,2019,7.782,962,fr
The King of Comedy,1982,7.8,2475,en
Straight Outta Compton,2015,7.8,4088,en
The Girl Who Leapt Through Time,2006,7.8,2151,ja
The Diamond Arm,1969,7.8,307,ru
Fanny and Alexander,1982,7.8,839,sv
Perfect Days,2023,7.78,1683,ja
Still Walking,2008,7.8,411,ja
Freaks,1932,7.8,1258,en
Scent of a Woman,1992,7.778,3745,en
All My Life,2020,7.8,507,en
Tune in for Love,2019,7.777,307,ko
Dune,2021,7.777,14176,en
The Summit of the Gods,2021,7.8,388,fr
Rififi,1955,7.8,609,fr
Polisse,2011,7.774,1277,fr
Back to the Future Part II,1989,7.774,13505,en
A Short Film About Love,1988,7.768,399,pl
Through a Glass Darkly,1961,7.8,520,sv
Wings of Desire,1987,7.773,1440,de
Frankenstein,2025,7.773,2136,en
The First Slam Dunk,2022,7.772,497,ja
Awakenings,1990,7.8,2736,en
Forbidden Games,1952,7.8,336,fr
Z,1969,7.771,590,fr
Do the Right Thing,1989,7.8,1908,en
One Life,2023,7.77,883,en
Letter from an Unknown Woman,1948,7.769,324,en
The Last Laugh,1924,7.768,336,de
Donnie Darko,2001,7.767,13029,en
My Fault,2023,7.766,3934,es
The Ten Commandments,1956,7.766,1769,en
The Dinner Game,1998,7.764,2005,fr
Ernest & Celestine,2012,7.8,651,fr
Short Term 12,2013,7.762,1369,en
Le Samouraï,1967,7.8,1195,fr
A Man Called Otto,2022,7.76,3342,en
Touch of Evil,1958,7.8,1534,en
Nine Queens,2000,7.8,774,es
Ip Man,2008,7.76,3973,cn
Ninja Scroll,1993,7.76,705,ja
The King and the Mockingbird,1980,7.759,401,fr
In the Arms of an Assassin,2019,7.8,428,es
Never Look Away,2018,7.8,723,de
Pan's Labyrinth,2006,7.758,11134,es
Life of Brian,1979,7.758,4720,en
Dogville,2003,7.8,2582,en
A Walk to Remember,2002,7.757,4183,en
Emancipation,2022,7.8,1201,en
The Hateful Eight,2015,7.756,14841,en
Zootopia,2016,7.756,17246,en
Angel's Egg,1985,7.746,506,ja
The Untouchables,1987,7.756,5991,en
Partly Cloudy,2009,7.755,1071,en
Day for Night,1973,7.8,633,fr
Shrek,2001,7.754,18160,en
Amour,2012,7.753,1716,fr
Big Fish,2003,7.753,7535,en
A Matter of Life and Death,1946,7.8,446,en
Ponyo,2008,7.751,4607,ja
Rain Man,1988,7.752,6780,en
All Quiet on the Western Front,1930,7.8,881,en
Words on Bathroom Walls,2020,7.75,643,en
How to Train Your Dragon: The Hidden World,2019,7.75,6873,en
The Chaser,2008,7.8,1442,ko
The Heist of the Century,2020,7.748,825,es
God's Own Country,2017,7.748,956,en
Train to Busan,2016,7.748,8059,ko
Notorious,1946,7.7,1681,en
Instructions Not Included,2013,7.7,938,es
Batman: Under the Red Hood,2010,7.7,1678,en
Misery,1990,7.7,4975,en
Luck,2022,7.746,1867,en
Platoon,1986,7.746,4875,en
RRR,2022,7.744,1482,te
Cool Hand Luke,1967,7.7,1537,en
Shelter,2007,7.743,491,en
Crooks in Clover,1963,7.742,536,fr
The Color Purple,1985,7.742,1899,en
Mystic River,2003,7.742,7159,en
My Mom Is a Character,2013,7.741,677,pt
Ali: Fear Eats the Soul,1974,7.741,436,de
Fiddler on the Roof,1971,7.74,609,en
The Exorcist,1973,7.74,8366,en
PlayTime,1967,7.739,622,fr
The Normal Heart,2014,7.738,898,en
Harry Potter and the Deathly Hallows: Part 1,2010,7.738,19899,en
The Bad Guys 2,2025,7.7,556,en
Nothing Left to Do But Cry,1984,7.737,1165,it
Gran Turismo,2023,7.736,3185,en
The King's Speech,2010,7.735,9071,en
Annie Hall,1977,7.735,4104,en
Deep Red,1975,7.7,1549,it
Straight Outta Nowhere: Scooby-Doo! Meets Courage the Cowardly Dog,2021,7.7,393,en
Let the Bullets Fly,2010,7.733,330,zh
Guy Ritchie's The Covenant,2023,7.732,2962,en
Marriage Story,2019,7.732,7221,en
Two Is a Family,2016,7.732,3025,fr
The Leopard,1963,7.7,904,it
"Batman: The Dark Knight Returns, Part 1",2012,7.73,1664,en
The Red Balloon,1956,7.7,423,fr
The Chorus,2004,7.73,2525,fr
Rush,2013,7.729,7568,en
Beauty and the Beast,1991,7.7,10391,en
Everything Everywhere All at Once,2022,7.728,7473,en
Mustang,2015,7.728,1419,tr
Slumdog Millionaire,2008,7.728,11014,en
Big Hero 6,2014,7.727,16200,en
The Breakfast Club,1985,7.727,8326,en
Magnolia,1999,7.7,3818,en
Safety Last!,1923,7.7,551,en
The Sound of Music,1965,7.7,3486,en
Rurouni Kenshin: The Final,2021,7.724,523,ja
Rurouni Kenshin Part III: The Legend Ends,2014,7.724,539,ja
Three Steps Above Heaven,2010,7.724,3161,es
All Quiet on the Western Front,2022,7.723,4405,de
Under the Same Moon,2007,7.722,302,es
The Blues Brothers,1980,7.722,4423,en
The Straight Story,1999,7.722,1704,en
Good Morning,1959,7.7,301,ja
Underground,1995,7.721,733,sr
Red Shoes and the Seven Dwarfs,2019,7.714,1115,ko
Don't Blame the Kid,2016,7.72,656,es
The Incredibles,2004,7.7,18447,en
Edward Scissorhands,1990,7.72,13444,en
Batman Begins,2005,7.719,22010,en
Maudie,2016,7.718,550,en
Kwaidan,1965,7.718,429,ja
Manhattan,1979,7.718,2531,en
Hustle,2022,7.717,2720,en
Past Lives,2023,7.7,2101,en
John Wick: Chapter 4,2023,7.717,7513,en
Vivre Sa Vie,1962,7.7,677,fr
Cowboy Bebop: The Movie,2001,7.7,984,ja
Hotel Rwanda,2004,7.715,3033,en
Philadelphia,1993,7.714,4470,en
Who's Afraid of Virginia Woolf?,1966,7.7,873,en
The Celebration,1998,7.711,1194,da
"I, Daniel Blake",2016,7.71,1485,en
The Ox-Bow Incident,1943,7.7,415,en
BPM (Beats per Minute),2017,7.709,1368,fr
The Bridges of Madison County,1995,7.709,2287,en
Officer Black Belt,2024,7.7,322,ko
Nightcrawler,2014,7.707,11359,en
Accattone,1961,7.7,501,it
The Maltese Falcon,1941,7.7,1803,en
Sound of Metal,2020,7.706,2717,en
My Little Pony: A New Generation,2021,7.7,324,en
Marriage Italian Style,1964,7.7,530,it
Mother,2009,7.7,1617,ko
Dreams,1990,7.705,523,ja
Mysterious Skin,2005,7.7,1197,en
Harry Potter and the Chamber of Secrets,2002,7.704,23030,en
The Seven Deadly Sins: Cursed by Light,2021,7.702,507,ja
Day & Night,2010,7.702,924,en
Azur & Asmar: The Princes' Quest,2006,7.7,652,fr
The Promised Land,2023,7.701,484,da
The Big Bad Fox and Other Tales,2017,7.701,306,fr
The Man from Nowhere,2010,7.7,1415,ko
Monsieur Verdoux,1947,7.7,452,en
Knockin' on Heaven's Door,1997,7.7,557,de
For Love and Gold,1966,7.699,380,it
Alice in the Cities,1974,7.699,324,de
PK,2014,7.698,1085,hi
White Snake,2019,7.697,529,zh
The Sacrifice,1986,7.697,582,sv
The Searchers,1956,7.697,1520,en
Brief Encounter,1945,7.7,672,en
Stalag 17,1953,7.7,637,en
Cousins,2019,7.7,347,pt
Hiroshima Mon Amour,1959,7.7,885,fr
Jean de Florette,1986,7.693,594,fr
"Duck, You Sucker",1971,7.693,1139,it
Little Eggs: A Frozen Rescue,2022,7.7,360,es
Holding the Man,2015,7.691,453,en
The Martian,2015,7.691,20634,en
Pride,2014,7.691,1374,en
Selena,1997,7.7,1286,en
If Anything Happens I Love You,2020,7.69,959,en
Rich in Love,2020,7.69,627,pt
Constantine: City of Demons - The Movie,2018,7.69,638,en
Little Miss Sunshine,2006,7.69,7567,en
The Princess Bride,1987,7.689,4884,en
Sword Art Online: The Movie – Ordinal Scale,2017,7.688,723,ja
"Like Father, Like Son",2013,7.688,769,ja
"No manches, Frida",2016,7.7,930,es
Fabricated City,2017,7.686,336,ko
The Broken Circle Breakdown,2012,7.7,1103,nl
Spirit: Stallion of the Cimarron,2002,7.686,4794,en
Black Swan,2010,7.685,15163,en
The Outlaws,2017,7.688,491,ko
L'Eclisse,1962,7.684,515,it
The Killer,2022,7.7,397,ko
Mississippi Burning,1988,7.7,1838,en
Ordinary Angels,2024,7.682,325,en
Fireworks,1997,7.682,740,ja
The Young Girls of Rochefort,1967,7.7,637,fr
Harry Potter and the Half-Blood Prince,2009,7.682,20295,en
Jaws,1975,7.7,11164,en
Embrace of the Serpent,2015,7.681,488,es
Fried Green Tomatoes,1991,7.681,1415,en
Entergalactic,2022,7.68,460,en
Divines,2016,7.68,674,fr
Kabhi Khushi Kabhie Gham,2001,7.7,581,hi
Boys,2014,7.7,717,nl
My Night at Maud's,1969,7.7,344,fr
The Hustler,1961,7.679,1030,en
How to Train Your Dragon 2,2014,7.677,10130,en
12 Angry Men,1997,7.677,413,en
Harvey,1950,7.7,656,en
Onibaba,1964,7.7,455,ja
The Children's Hour,1961,7.7,383,en
Sleuth,1972,7.7,670,en
Aftersun,2022,7.675,1682,en
Prey,2022,7.7,7383,en
My Mom Is a Character 2,2016,7.674,521,pt
Moonrise Kingdom,2012,7.7,6142,en
A Charlie Brown Christmas,1965,7.674,740,en
The Warriors,1979,7.674,2274,en
Harry Potter and the Order of the Phoenix,2007,7.674,20327,en
The Terminator,1984,7.674,14027,en
The Blind Side,2009,7.674,6659,en
Scooby-Doo on Zombie Island,1998,7.7,811,en
The Count of Monte Cristo,2002,7.673,1931,en
Descendants 3,2019,7.672,1584,en
Taste of Cherry,1997,7.7,668,fa
Brazil,1985,7.7,3548,en
Zootopia 2,2025,7.671,495,en
Bacurau,2019,7.67,1096,pt
Nosferatu,1922,7.7,2353,de
The Gentlemen,2020,7.669,6300,en
Free Fall,2013,7.668,822,de
October Sky,1999,7.7,1358,en
The World's Fastest Indian,2005,7.669,838,en
The Trial of the Chicago 7,2020,7.668,3228,en
Marcel the Shell with Shoes On,2022,7.7,650,en
Rurouni Kenshin: The Beginning,2021,7.667,511,ja
Strangers on a Train,1951,7.7,1799,en
The Gorge,2025,7.666,3210,en
Charade,1963,7.7,1471,en
Better Man,2024,7.664,742,en
Belle,2021,7.664,820,ja
Fireproof,2008,7.664,825,en
The Secret World of Arrietty,2010,7.7,3034,ja
What's Eating Gilbert Grape,1993,7.662,4140,en
Fallen Angels,1995,7.7,1209,cn
Cast Away,2000,7.661,11928,en
"Germany, Year Zero",1948,7.7,407,it
The Batman,2022,7.66,11412,en
Father There Is Only One,2019,7.7,756,es
Inherit the Wind,1960,7.659,443,en
High Noon,1952,7.7,1520,en
Ask Me If I'm Happy,2000,7.658,1692,it
Poor Things,2023,7.656,5118,en
Lucky and Zorba,1998,7.7,626,it
Primal Fear,1996,7.7,3703,en
"Black Cat, White Cat",1998,7.7,780,sr
The Holdovers,2023,7.655,2236,en
The Traitor,2019,7.655,1397,it
Ricky Gervais: Humanity,2018,7.655,489,en
Captain America: The Winter Soldier,2014,7.655,19544,en
The Big Heat,1953,7.7,529,en
Tetris,2023,7.654,1596,en
Iron Man,2008,7.654,27500,en
Aladdin,1992,7.7,11700,en
Cléo from 5 to 7,1962,7.654,745,fr
All the President's Men,1976,7.654,1977,en
Hunt for the Wilderpeople,2016,7.652,2205,en
In the Heat of the Night,1967,7.7,1179,en
Memoirs of a Geisha,2005,7.7,3267,en
Onward,2020,7.651,6415,en
Tangerines,2013,7.651,564,et
The Killing,1956,7.651,1648,en
White Heat,1949,7.6,510,en
Back to the Outback,2021,7.646,765,en
Mickey's Christmas Carol,1983,7.646,955,en
Batman and Superman: Battle of the Super Sons,2022,7.645,335,en
Remember the Titans,2000,7.645,2823,en
The Conformist,1971,7.6,730,it
Sonic the Hedgehog 3,2024,7.644,3044,en
Planet of the Apes,1968,7.643,3796,en
Laurence Anyways,2012,7.6,880,fr
Kind Hearts and Coronets,1949,7.642,578,en
I Vitelloni,1953,7.6,712,it
Out of the Past,1947,7.6,625,en
Cat on a Hot Tin Roof,1958,7.641,800,en
A Dog's Purpose,2017,7.6,3453,en
Vampire Hunter D: Bloodlust,2001,7.6,745,ja
Viridiana,1962,7.6,534,es
Arsenic and Old Lace,1944,7.6,993,en
Breakthrough,2019,7.6,1129,en
Threads,1984,7.638,374,en
Atonement,2007,7.638,4530,en
Three Colors: Blue,1993,7.638,1815,fr
Godzilla,1954,7.6,1060,ja
Another Round,2020,7.636,3585,da
A Million Miles Away,2023,7.635,493,en
The Woman King,2022,7.633,2275,en
All the Bright Places,2020,7.635,2957,en
Dog Man,2025,7.634,310,en
The Banker,2020,7.6,1038,en
System Crasher,2019,7.634,363,de
Time of the Gypsies,1988,7.634,413,sh
Edge of Tomorrow,2014,7.633,14599,en
The Graduate,1967,7.6,3555,en
Shottas,2002,7.633,353,en
The Spirit of the Beehive,1973,7.633,380,es
Kubo and the Two Strings,2016,7.6,3717,en
Geri's Game,1997,7.6,1180,en
Bad Seeds,2018,7.6,616,fr
Berserk: The Golden Age Arc III - The Advent,2013,7.6,384,ja
Boogie Nights,1997,7.6,3394,en
Breakfast at Tiffany's,1961,7.63,4370,en
All About My Mother,1999,7.63,1987,es
Fantastic Planet,1973,7.6,1053,fr
Amores Perros,2000,7.629,2797,es
Corpus Christi,2019,7.6,577,pl
The Longest Ride,2015,7.6,3263,en
Mad Max: Fury Road,2015,7.629,23550,en
The Man from Earth,2007,7.627,2751,en
Roma,2018,7.6,4028,es
Stand and Deliver,1988,7.626,419,en
Laura,1944,7.626,867,en
Boyz n the Hood,1991,7.624,2143,en
Andhadhun,2018,7.624,581,hi
"Miraculous: Ladybug & Cat Noir, The Movie",2023,7.617,930,fr
Mediterraneo,1991,7.624,1034,it
Arrival,2016,7.623,18767,en
The Lost Weekend,1945,7.623,636,en
My Friends Act II,1982,7.6,355,it
Il Divo,2008,7.623,1153,it
"Quo Vadis, Aida?",2021,7.622,452,sr
One Cut of the Dead,2017,7.622,933,ja
Deadpool,2016,7.623,32117,en
Get Out,2017,7.621,18339,en
Kingsman: The Secret Service,2015,7.6,17418,en
Eddie Murphy: Delirious,1983,7.6,335,en
Fitzcarraldo,1982,7.6,838,de
The Kissing Booth 2,2020,7.618,5085,en
Detachment,2011,7.6,1886,en
I'm Starting from Three,1981,7.619,690,it
A Streetcar Named Desire,1951,7.6,1431,en
Groundhog Day,1993,7.619,8531,en
My Policeman,2022,7.618,740,en
The Turin Horse,2011,7.6,390,hu
Sniper: The White Raven,2022,7.617,842,uk
A Little Princess,1995,7.617,1014,en
The Fall,2006,7.617,1436,en
Eat Drink Man Woman,1994,7.6,379,zh
A Short Film About Killing,1988,7.6,379,pl
Mortal Kombat Legends: Battle of the Realms,2021,7.6,468,en
The Others,2001,7.6,6920,en
Stagecoach,1939,7.6,1185,en
Giant,1956,7.6,726,en
Blue Velvet,1986,7.6,3649,en
Demon Slayer: Kimetsu no Yaiba Infinity Castle,2025,7.6,592,ja
The Eight Mountains,2022,7.6,783,it
Dave Chappelle: Sticks & Stones,2019,7.612,352,en
Forever My Girl,2018,7.612,1325,en
Dragon Ball Z: The History of Trunks,1993,7.612,574,ja
Maurice,1987,7.612,584,en
King Richard,2021,7.611,2714,en
Guardians of the Galaxy Vol. 2,2017,7.612,22434,en
The Little Prince,2015,7.61,2894,en
Avatar: The Way of Water,2022,7.6,13120,en
The Tenant,1976,7.6,1195,en
Night of the Living Dead,1968,7.6,2625,en
Children of Men,2006,7.611,7560,en
Mildred Pierce,1945,7.61,426,en
"tick, tick... BOOM!",2021,7.609,2222,en
The Anthem of the Heart,2015,7.6,422,ja
Tangled,2010,7.609,12025,en
Butch Cassidy and the Sundance Kid,1969,7.609,2366,en
The Servant,1963,7.6,360,en
A Man Called Ove,2015,7.606,1247,sv
Anastasia,1997,7.6,5491,en
The Wild Bunch,1969,7.605,1277,en
The Raid 2,2014,7.605,2495,id
The Last Picture Show,1971,7.6,734,en
Toy Story 2,1999,7.6,14493,en
Battleship Potemkin,1925,7.604,1245,ru
Lilya 4-ever,2002,7.6,626,sv
Seven Pounds,2008,7.603,7041,en
The Longest Day,1962,7.603,988,en
JFK,1991,7.603,2297,en
The Super Mario Bros. Movie,2023,7.602,10111,en
"They Shoot Horses, Don't They?",1969,7.6,344,en
The Big Sleep,1946,7.602,1107,en
Sleepers,1996,7.602,3723,en
Twelve Monkeys,1995,7.602,8797,en
Sin Nombre,2009,7.6,728,es
Harold and Maude,1971,7.6,1158,en
King Kong,1933,7.6,1560,en
Victoria,2015,7.599,1294,de
"Steamboat Bill, Jr.",1928,7.599,373,en
Le Cercle Rouge,1970,7.599,694,fr
The Killer,1989,7.6,850,cn
Meshes of the Afternoon,1943,7.6,417,en
In a Lonely Place,1950,7.6,637,en
Barbie in the 12 Dancing Princesses,2006,7.598,1225,en
Billy Elliot,2000,7.6,3980,en
The Last Samurai,2003,7.597,7271,en
Courageous,2011,7.6,389,en
To All the Boys I've Loved Before,2018,7.595,8615,en
The Fault in Our Stars,2014,7.595,11407,en
The Curious Case of Benjamin Button,2008,7.595,13373,en
"Paul, Apostle of Christ",2018,7.594,390,en
Avatar,2009,7.594,32888,en
The Ultimate Gift,2007,7.6,477,en
Thelma & Louise,1991,7.594,3711,en
Godzilla Minus One,2023,7.6,2898,ja
The Dirty Dozen,1967,7.593,1268,en
Apocalypto,2006,7.593,5963,en
Elevator to the Gallows,1958,7.6,664,fr
Elemental,2023,7.591,5048,en
My Hero Academia: World Heroes' Mission,2021,7.591,596,ja
Barfi!,2012,7.591,346,hi
Evangelion: 1.0 You Are (Not) Alone,2007,7.591,1037,ja
The Wizard of Oz,1939,7.591,5911,en
Wrath of Man,2021,7.59,5830,en
Being There,1979,7.6,1072,en
American Gangster,2007,7.59,5797,en
10 Things I Hate About You,1999,7.59,8633,en
Drishyam,2015,7.6,454,hi
Rurouni Kenshin Part II: Kyoto Inferno,2014,7.589,626,ja
Hair Love,2019,7.6,479,en
Sweet Smell of Success,1957,7.588,552,en
Blade Runner 2049,2017,7.587,14576,en
Beasts of No Nation,2015,7.587,1812,en
The Big Country,1958,7.6,390,en
The Last Emperor,1987,7.586,1828,en
Ride Your Wave,2019,7.585,357,ja
Ready Player One,2018,7.585,16406,en
Corpse Bride,2005,7.585,9901,en
The Garden of Words,2013,7.584,2139,ja
Thor: Ragnarok,2017,7.583,21544,en
Drive,2011,7.583,13217,en
Zindagi Na Milegi Dobara,2011,7.6,387,hi
Scarlet Street,1945,7.6,410,en
Carandiru,2003,7.583,581,pt
Changeling,2008,7.6,4365,en
The Irishman,2019,7.582,7243,en
Eyes Without a Face,1960,7.6,774,fr
The Philadelphia Story,1940,7.6,933,en
Gladiator,1992,7.6,376,en
Steins;Gate: The Movie - Load Region of Déjà Vu,2013,7.6,377,ja
Who Am I,2014,7.579,1648,de
The Fabelmans,2022,7.577,2603,en
Heroic Losers,2019,7.578,591,es
Encanto,2021,7.577,9944,en
Manon of the Spring,1986,7.6,548,fr
Arthur the King,2024,7.577,871,en
I Still Believe,2020,7.6,1207,en
A Prophet,2009,7.6,1658,fr
Tombstone,1993,7.577,2324,en
Confessions,2010,7.6,932,ja
Talk to Her,2002,7.576,1382,es
Girl in the Basement,2021,7.574,801,en
I Origins,2014,7.6,3363,en
The Hobbit: The Desolation of Smaug,2013,7.574,13774,en
Coach Carter,2005,7.574,3166,en
The Diving Bell and the Butterfly,2007,7.574,1227,fr
Purple Noon,1960,7.573,572,fr
The Sicilian Clan,1969,7.6,351,fr
Ferris Bueller's Day Off,1986,7.572,5200,en
Ex Machina,2015,7.571,13859,en
The Butterfly Effect,2004,7.571,7929,en
Guess Who's Coming to Dinner,1967,7.571,883,en
Searching,2018,7.569,4078,en
Spies in Disguise,2019,7.569,2900,en
"Girl, Interrupted",1999,7.569,4024,en
Les Misérables,2019,7.568,1576,fr
Brother,1997,7.568,431,ru
The Sea Inside,2004,7.568,973,es
Feel the Beat,2020,7.567,1145,en
Deadpool & Wolverine,2024,7.568,7999,en
Casino Royale,2006,7.6,11289,en
The Game,1997,7.567,7051,en
A Close Shave,1996,7.6,885,en
Cinderella Man,2005,7.566,2320,en
Our Little Sister,2015,7.6,528,ja
Moana,2016,7.6,13401,en
Kramer vs. Kramer,1979,7.6,2362,en
Moon,2009,7.564,6037,en
Imagine Me & You,2006,7.6,1081,en
Lilo & Stitch,2002,7.563,6887,en
Dolls,2002,7.6,341,ja
Secrets & Lies,1996,7.6,696,en
Hot Fuzz,2007,7.562,8022,en
The Fifth Element,1997,7.562,11306,fr
Treasure Planet,2002,7.561,4457,en
Gattaca,1997,7.6,6686,en
Yu-Gi-Oh!: The Dark Side of Dimensions,2016,7.56,453,ja
Facing the Giants,2006,7.561,482,en
Bao,2018,7.559,1261,en
Halloween,1978,7.6,5988,en
Big George Foreman,2023,7.6,328,en
Trollhunters: Rise of the Titans,2021,7.6,345,en
Happy Together,1997,7.6,764,cn
Godzilla vs. Kong,2021,7.6,10391,en
The Danish Girl,2015,7.556,5870,en
What We Do in the Shadows,2014,7.557,3776,en
The Emperor's New Groove,2000,7.6,7088,en
Mary Poppins,1964,7.556,4872,en
Poetry,2010,7.555,320,ko
Dragon Ball Z: Bardock - The Father of Goku,1990,7.555,748,ja
I Am Sam,2001,7.556,2406,en
Gandhi,1982,7.555,2423,en
Sword of the Stranger,2007,7.553,449,ja
Mira,2022,7.6,382,ru
Desert Flower,2009,7.552,456,en
Blood Diamond,2006,7.552,8053,en
Inside Out 2,2024,7.549,6288,en
Pandora,2016,7.5,497,ko
The Snowman,1982,7.5,327,en
They Call Me Trinity,1970,7.55,1391,it
Let the Right One In,2008,7.548,3126,sv
The Black Phone,2022,7.547,5538,en
Beautiful Boy,2018,7.5,2759,en
Evil Dead II,1987,7.5,3349,en
Persian Lessons,2020,7.546,455,de
Manchester by the Sea,2016,7.5,6197,en
Le Corbeau,1943,7.5,303,fr
Lost Highway,1997,7.5,2827,en
Mr. Deeds Goes to Town,1936,7.5,391,en
The Consequences of Love,2004,7.545,875,it
We Need to Talk About Kevin,2011,7.544,2989,en
My Man Godfrey,1936,7.544,373,en
"4 Months, 3 Weeks and 2 Days",2007,7.5,780,ro
Malcolm X,1992,7.544,1801,en
A Few Good Men,1992,7.544,3944,en
Undisputed III: Redemption,2010,7.5,972,en
"Synecdoche, New York",2008,7.543,1524,en
Teen Titans Go! vs. Teen Titans,2019,7.5,508,en
True Romance,1993,7.542,2919,en
Predator,1987,7.542,8682,en
The Seed of the Sacred Fig,2024,7.5,392,fr
Anatomy of a Fall,2023,7.541,3030,fr
The Seven Deadly Sins: Prisoners of the Sky,2018,7.539,1062,ja
Hidden Kisses,2016,7.5,317,fr
Italian Race,2016,7.541,959,it
The Conjuring,2013,7.5,12364,en
Jules and Jim,1962,7.541,1025,fr
East of Eden,1955,7.5,785,en
Hotel Mumbai,2019,7.54,1662,en
Fury,2014,7.541,12590,en
Cold Eyes,2013,7.5,361,ko
The Wrestler,2008,7.5,3863,en
Paisan,1946,7.5,335,it
The Train,1964,7.54,351,en
The Six Triple Eight,2024,7.539,595,en
The Revenant,2015,7.538,18819,en
Captain Phillips,2013,7.539,7262,en
The Round Up,2010,7.539,1033,fr
Moulin Rouge!,2001,7.5,4718,en
Where the Crawdads Sing,2022,7.537,2115,en
The Second Tragic Fantozzi,1976,7.5,609,it
The Sandlot,1993,7.5,1268,en
Doctor Zhivago,1965,7.537,1219,en
"Good Bye, Lenin!",2003,7.537,2532,de
Anonymously Yours,2021,7.5,373,es
Donnie Brasco,1997,7.536,4696,en
Shaun of the Dead,2004,7.536,8999,en
Love Don't Co$t a Thing,2003,7.535,648,en
The Hand of God,2021,7.534,1730,it
The Bad Guys,2022,7.5,2398,en
From Up on Poppy Hill,2011,7.5,1872,ja
Au Hasard Balthazar,1966,7.5,481,fr
Sling Blade,1996,7.534,831,en
Spartacus,1960,7.5,2288,en
Exhuma,2024,7.533,596,ko
Me and Earl and the Dying Girl,2015,7.532,2679,en
The Book of Life,2014,7.533,2848,en
Somewhere in Time,1980,7.532,631,en
My Sassy Girl,2001,7.532,615,ko
Who Framed Roger Rabbit,1988,7.532,5982,en
The Greatest Beer Run Ever,2022,7.531,846,en
The Wolf's Call,2019,7.531,2108,fr
The Call of the Wild,2020,7.5,3870,en
Stray Dog,1949,7.5,335,ja
The Girl with the Dragon Tattoo,2009,7.5,3112,sv
Angels with Dirty Faces,1938,7.5,337,en
Serpico,1973,7.531,2097,en
Dark Waters,2019,7.53,2388,en
The Blue Umbrella,2013,7.5,571,en
Cure,1997,7.5,703,ja
The Iron Claw,2023,7.525,1120,en
L'Avventura,1960,7.529,733,it
Lady Vengeance,2005,7.5,1794,ko
Rurouni Kenshin Part I: Origins,2012,7.528,869,ja
Police Story,1985,7.528,977,cn
Winter Sleep,2014,7.527,598,tr
The Flu,2013,7.527,1245,ko
X-Men: Days of Future Past,2014,7.528,15895,en
The Day of the Jackal,1973,7.5,638,en
Dogman,2018,7.525,2261,it
Bāhubali: The Beginning,2015,7.526,884,te
Zodiac,2007,7.526,11181,en
Dragon Ball Z: Fusion Reborn,1995,7.525,895,ja
The Fallout,2021,7.5,1255,en
Father There Is Only One 2,2020,7.524,564,es
Lou,2017,7.524,412,en
The Body,2012,7.524,1359,es
Control,2007,7.524,892,en
The Machinist,2004,7.524,5923,en
Bringing Up Baby,1938,7.5,1030,en
"Ugly, Dirty and Bad",1976,7.5,330,it
Redline,2009,7.5,524,ja
The Ghost and Mrs. Muir,1947,7.5,336,en
My Left Foot: The Story of Christy Brown,1989,7.5,981,en
Bianca,1984,7.5,398,it
Lady Snowblood,1973,7.521,400,ja
Champions,2018,7.52,758,es
Midnight in Paris,2011,7.52,7562,en
The Holy Mountain,1973,7.5,980,es
The Manchurian Candidate,1962,7.5,766,en
Prison Break: The Final Break,2009,7.5,699,en
The Crow,1994,7.519,4355,en
Hard Boiled,1992,7.518,881,cn
The Birds,1963,7.518,4327,en
Mission: Impossible - Dead Reckoning Part One,2023,7.516,4755,en
The Man Who Wasn't There,2001,7.517,1681,en
The Passion of the Christ,2004,7.517,4961,en
Barbie: Princess Charm School,2011,7.5,847,en
Seven Chances,1925,7.516,305,en
L'Atalante,1934,7.511,448,fr
The Adventures of Pinocchio,1972,7.5,318,it
Empire of the Sun,1987,7.5,2042,en
Night on Earth,1991,7.514,994,en
To All the Boys: Always and Forever,2021,7.513,2016,en
I Can Only Imagine,2018,7.5,487,en
Sabrina,1954,7.5,1304,en
PAW Patrol: Mighty Pups,2018,7.5,585,en
Au Revoir les Enfants,1987,7.512,699,fr
The Conversation,1974,7.512,1936,en
Where Eagles Dare,1968,7.511,943,en
Shadow of a Doubt,1943,7.5,1098,en
E.T. the Extra-Terrestrial,1982,7.51,11664,en
Black Narcissus,1947,7.5,525,en
The Goonies,1985,7.51,6009,en
Training Day,2001,7.5,6326,en
Bride of Frankenstein,1935,7.5,1063,en
Rebel Without a Cause,1955,7.5,1712,en
Fatherhood,2021,7.508,1482,en
Escape from Alcatraz,1979,7.508,3019,en
Fearless,2006,7.508,1354,zh
The Call,2020,7.507,918,ko
The Castle of Cagliostro,1979,7.5,1090,ja
Sinners,2025,7.506,2982,en
Work It,2020,7.505,1201,en
Instant Family,2018,7.505,3131,en
The Book of Henry,2017,7.505,1328,en
The Great Beauty,2013,7.5,3233,it
The 36th Chamber of Shaolin,1978,7.505,471,zh
The Invisible Man,1933,7.5,907,en
My Cousin Vinny,1992,7.5,1736,en
Shang-Chi and the Legend of the Ten Rings,2021,7.504,10053,en
Souleymane's Story,2024,7.503,318,fr
Tell It to the Bees,2019,7.499,462,en
Rogue One: A Star Wars Story,2016,7.503,15997,en
Before Midnight,2013,7.503,2589,en
Wallace & Gromit: Vengeance Most Fowl,2024,7.5,574,en
The Quiet Girl,2022,7.502,513,ga
My Fair Lady,1964,7.5,1381,en
How to Steal a Million,1966,7.5,632,en
Beauty and the Beast,1946,7.502,646,fr
Hero,2002,7.502,2391,zh
The Man Who Copied,2003,7.501,365,pt
Menace II Society,1993,7.501,840,en
The French Connection,1971,7.502,2040,en
The Magnificent Seven,1960,7.501,1898,en
Emergency Declaration,2022,7.5,409,ko
Sidewalls,2011,7.5,308,es
The Silence,1963,7.5,386,sv
Midnight Cowboy,1969,7.5,1528,en
Sonatine,1993,7.5,666,ja
Kikujiro,1999,7.499,568,ja
Almost Famous,2000,7.499,2984,en
Breathless,1960,7.5,1935,fr
Upgrade,2018,7.498,4769,en
The Favourite,2018,7.498,5740,en
The Shack,2017,7.5,2208,en
Gaslight,1944,7.498,528,en
Ninotchka,1939,7.5,412,en
Walk the Line,2005,7.5,3026,en
All Three of Us,2015,7.5,500,fr
A Star Is Born,2018,7.5,12012,en
Operation Y and Other Shurik's Adventures,1965,7.496,494,ru
How the Grinch Stole Christmas!,1966,7.5,1091,en
First Blood,1982,7.5,6652,en
The Wolf and the Lion,2021,7.495,492,en
Carol,2015,7.5,3858,en
Still Life,2013,7.495,384,en
The Book Thief,2013,7.5,4441,en
BURN·E,2008,7.495,777,en
Hercules,1997,7.495,7745,en
After Hours,1985,7.495,1642,en
In Bruges,2008,7.5,5524,en
Birdman of Alcatraz,1962,7.5,329,en
Breaking the Waves,1996,7.5,1067,da
About Fate,2022,7.5,482,en
The Valet,2022,7.494,624,en
The Insult,2017,7.494,465,fr
The Incredible Shrinking Man,1957,7.5,532,en
Ghostbusters,1984,7.494,9439,en
Teen Wolf: The Movie,2023,7.493,916,en
Balloon,2018,7.493,454,de
Boyhood,2014,7.493,5376,en
Devdas,2002,7.493,363,hi
One Battle After Another,2025,7.489,1814,en
BlacKkKlansman,2018,7.5,7877,en
The Two Popes,2019,7.491,3055,en
One Piece Film: Z,2012,7.491,541,ja
The Skin I Live In,2011,7.491,4483,es
Days of Heaven,1978,7.5,1106,en
Johnny Got His Gun,1971,7.491,403,en
Band of Outsiders,1964,7.5,591,fr
Back to the Future Part III,1990,7.49,11170,en
"One, Two, Three",1961,7.5,404,en
The Name of the Rose,1986,7.49,3200,en
"Tad, the Lost Explorer and the Emerald Tablet",2022,7.489,327,es
The Tomorrow War,2021,7.489,3891,en
Deadpool 2,2018,7.489,18765,en
You Can't Take It with You,1938,7.5,427,en
The Asphalt Jungle,1950,7.489,515,en
Batman: Mask of the Phantasm,1993,7.489,1189,en
The Rules of the Game,1939,7.5,635,fr
I Can't Think Straight,2008,7.5,324,en
My Dinner with Andre,1981,7.5,430,en
In Cold Blood,1967,7.488,409,en
Men of Honor,2000,7.488,2413,en
The Adventures of Robin Hood,1938,7.5,817,en
The Lighthouse,2019,7.487,5314,en
Scott Pilgrim vs. the World,2010,7.5,8297,en
Love and Death,1975,7.5,943,en
Patton,1970,7.487,1168,en
Dawn of the Dead,1978,7.5,2219,en
The Beasts,2022,7.5,851,fr
I Lost My Body,2019,7.486,1304,fr
"It's the Great Pumpkin, Charlie Brown",1966,7.486,436,en
The Wave,2008,7.486,3495,de
"To Sir, with Love",1967,7.485,333,en
A Perfect World,1993,7.5,1772,en
Our Hospitality,1923,7.5,303,en
Eyes Wide Shut,1999,7.486,6693,en
"Cyrano, My Love",2018,7.484,517,fr
Custody,2018,7.484,707,fr
mid90s,2018,7.5,1722,en
The Thin Man,1934,7.484,506,en
Bugonia,2025,7.484,717,en
The Double Life of Véronique,1991,7.483,859,fr
A Grand Day Out,1990,7.483,957,en
Willy Wonka & the Chocolate Factory,1971,7.483,3810,en
The White Ribbon,2009,7.5,1084,de
Suspiria,1977,7.5,3092,it
"Play It Again, Sam",1972,7.482,620,en
Ed Wood,1994,7.5,2433,en
Rescued by Ruby,2022,7.481,346,en
No Man's Land,2001,7.481,474,bs
Bonnie and Clyde,1967,7.481,1726,en
A Christmas Carol,1984,7.5,393,en
"Oslo, August 31st",2011,7.5,479,no
Elvis,2022,7.479,3722,en
The Suicide Squad,2021,7.478,9252,en
"McFarland, USA",2015,7.478,903,en
Letters from Iwo Jima,2006,7.478,2182,en
Head-On,2004,7.5,606,de
Lucky Number Slevin,2006,7.478,4296,en
The Age of Adaline,2015,7.477,6949,en
For the Birds,2000,7.477,1259,en
Kung Fu Hustle,2004,7.5,3024,cn
Thesis,1996,7.5,899,es
Paddington 2,2017,7.476,2636,en
The First Day of the Rest of Your Life,2008,7.476,494,fr
The Man Who Would Be King,1975,7.5,679,en
"I, Tonya",2017,7.475,6023,en
Mulan: Rise of a Warrior,2009,7.5,437,zh
All That Jazz,1979,7.475,556,en
Barbie as The Princess & the Pauper,2004,7.5,1522,en
Glory,1989,7.475,1730,en
That's Life,1998,7.474,1359,it
This Is England,2007,7.5,1350,en
Badlands,1974,7.5,1284,en
Still Alice,2014,7.473,3189,en
Once Upon a Time in Anatolia,2011,7.5,517,tr
Waking Life,2001,7.473,918,en
The Great Silence,1968,7.473,437,it
Z-O-M-B-I-E-S 2,2020,7.471,497,en
Three Wishes for Cinderella,1973,7.5,362,cs
Hannah and Her Sisters,1986,7.471,1110,en
Frankenstein,1931,7.471,1724,en
Spread Your Wings,2019,7.5,315,fr
Toy Story 4,2019,7.47,10243,en
Mind Game,2004,7.47,312,ja
Fist of Legend,1994,7.47,577,zh
C.R.A.Z.Y.,2005,7.47,488,fr
The Bourne Identity,2002,7.47,9755,en
Bāhubali 2: The Conclusion,2017,7.469,812,te
Phantom of the Paradise,1974,7.5,719,en
Kung Fury,2015,7.468,1898,en
Kuch Kuch Hota Hai,1998,7.5,411,hi
The Taking of Pelham One Two Three,1974,7.5,589,en
The Reader,2008,7.468,3283,en
Gilda,1946,7.5,623,en
The Fugitive,1993,7.467,4579,en
Sympathy for Mr. Vengeance,2002,7.467,1564,ko
The Devil's Advocate,1997,7.467,6504,en
The Innocents,1961,7.466,638,en
Carl's Date,2023,7.465,431,en
Free Guy,2021,7.464,9418,en
Mr & Mme Adelman,2017,7.464,454,fr
Ip Man 2,2010,7.464,2406,cn
Fear City: A Family-Style Comedy,1994,7.5,1311,fr
The Discreet Charm of the Bourgeoisie,1972,7.464,871,fr
Volver,2006,7.464,1836,es
Little Big Man,1970,7.463,686,en
The Royal Tenenbaums,2001,7.5,4799,en
Furiosa: A Mad Max Saga,2024,7.462,4527,en
The Best of Me,2014,7.462,2652,en
Invasion of the Body Snatchers,1956,7.5,1147,en
Boruto: Naruto the Movie,2015,7.5,1636,ja
Sorry If I Call You Love,2014,7.461,501,es
The Secret Life of Bees,2008,7.5,559,en
Sin City,2005,7.461,8561,en
Pretty Woman,1990,7.46,8706,en
Man on Fire,2004,7.459,5443,en
"Aguirre, the Wrath of God",1972,7.5,1185,de
"Batman: The Long Halloween, Part One",2021,7.5,679,en
Aquarius,2016,7.458,489,pt
About Elly,2009,7.5,525,fa
The Devils,1971,7.5,405,en
I Killed My Mother,2009,7.5,1133,fr
The Killing Fields,1984,7.458,791,en
Our Fault,2025,7.457,543,es
District 9,2009,7.457,10004,en
Barton Fink,1991,7.457,1797,en
The Croods: A New Age,2020,7.455,4021,en
Abominable,2019,7.5,2127,en
The Last: Naruto the Movie,2014,7.5,2347,ja
The Banshees of Inisherin,2022,7.455,3140,en
Incredibles 2,2018,7.5,13374,en
Star Wars: Episode III - Revenge of the Sith,2005,7.455,14500,en
The Day the Earth Stood Still,1951,7.455,1186,en
The Man Who Knew Too Much,1956,7.5,1496,en
I Want You,2012,7.455,1929,es
To Have and Have Not,1945,7.446,549,en
Ordinary People,1980,7.5,667,en
Lifted,2006,7.454,786,en
Fabrizio De André: Principe libero,2018,7.5,351,it
John Wick,2014,7.453,20231,en
Midnight Express,1978,7.5,1813,en
Summer Wars,2009,7.5,994,ja
The Secret of NIMH,1982,7.452,901,en
The Insider,1999,7.452,1964,en
Ocean's Eleven,2001,7.452,12180,en
Mirage,2018,7.451,1911,es
The Artist,2011,7.5,3402,fr
Home Alone,1990,7.5,12027,en
Apollo 13,1995,7.5,5687,en
Miller's Crossing,1990,7.451,1771,en
"Live Twice, Love Once",2019,7.5,350,es
Mars Express,2023,7.45,457,fr
Breathe,2017,7.5,780,en
Dunkirk,2017,7.45,17140,en
Human Capital,2013,7.5,932,it
Birdman or (The Unexpected Virtue of Ignorance),2014,7.45,13272,en
Nebraska,2013,7.45,1855,en
Cell 211,2009,7.45,1315,es
Ray,2004,7.45,2114,en
A Quiet Place Part II,2021,7.4,7092,en
Only the Brave,2017,7.449,1750,en
High School of the Dead: Drifters of the Dead,2011,7.4,474,ja
Dirty Harry,1971,7.4,2624,en
Honor Society,2022,7.4,413,en
Captain America: Civil War,2016,7.448,23551,en
"Yesterday, Today and Tomorrow",1963,7.4,452,it
The Thin Red Line,1998,7.4,3177,en
The Big Blue,1988,7.4,1519,fr
Balkan Line,2019,7.4,562,ru
Patients,2017,7.447,619,fr
Star Trek II: The Wrath of Khan,1982,7.4,2036,en
Sonic the Hedgehog 2,2022,7.445,5705,en
A Bittersweet Life,2005,7.446,946,ko
Key Largo,1948,7.445,562,en
Black Book,2006,7.4,1213,nl
John Wick: Chapter 3 - Parabellum,2019,7.445,11344,en
Then Came You,2018,7.4,527,en
Mission: Impossible - Fallout,2018,7.4,8832,en
Baby Driver,2017,7.4,16406,en
The Red Turtle,2016,7.445,1333,fr
One Piece Film: Strong World,2009,7.445,372,ja
Cape Fear,1962,7.443,602,en
Imitation of Life,1959,7.444,303,en
Running on Empty,1988,7.444,338,en
Open Your Eyes,1997,7.4,1131,es
The Witcher: Nightmare of the Wolf,2021,7.443,1044,en
The Rocky Horror Picture Show,1975,7.4,3021,en
Peeping Tom,1960,7.443,867,en
Bram Stoker's Dracula,1992,7.4,5549,en
Adam's Apples,2005,7.441,749,da
Three Colors: White,1994,7.442,1277,fr
Mixed by Erry,2023,7.441,477,it
Miracles from Heaven,2016,7.4,1233,en
Zorba the Greek,1964,7.4,365,el
"Watch Out, We're Mad",1974,7.441,853,it
The Dirt,2019,7.44,1276,en
The Seventh Continent,1989,7.4,340,de
EverAfter,1998,7.4,1532,en
My Darling Clementine,1946,7.44,457,en
The Worst Person in the World,2021,7.4,1659,no
My Father and My Son,2005,7.439,361,tr
Happiness,1998,7.439,888,en
The Swimmers,2022,7.4,612,en
The Gospel According to St. Matthew,1965,7.4,392,it
Peaceful Warrior,2006,7.438,453,en
The Odd Couple,1968,7.438,618,en
Contact,1997,7.438,4780,en
Cold War,2018,7.437,1538,pl
Ricky Gervais: SuperNature,2022,7.436,312,en
The Verdict,1982,7.4,688,en
The Hurricane,1999,7.436,1476,en
Erin Brockovich,2000,7.436,3482,en
Kal Ho Naa Ho,2003,7.4,426,hi
My Fault: London,2025,7.434,495,en
Drive My Car,2021,7.434,1411,ja
A Night at the Opera,1935,7.4,525,en
The Outlaw Josey Wales,1976,7.434,1229,en
"Crouching Tiger, Hidden Dragon",2000,7.434,3432,zh
Wind River,2017,7.434,5562,en
Sweet Bean,2015,7.433,586,ja
Malena,2000,7.433,2406,it
The Vanishing,1988,7.433,749,nl
The Bourne Ultimatum,2007,7.433,8086,en
Scarface,1932,7.4,654,en
Lone Survivor,2013,7.432,4581,en
The Legend of Drunken Master,1994,7.432,1031,cn
The Life of David Gale,2003,7.432,2118,en
Chaplin,1992,7.432,1152,en
Humanist Vampire Seeking Consenting Suicidal Person,2023,7.431,335,fr
Sorcerer,1977,7.431,619,en
Iron Monkey,1993,7.4,318,cn
Last Year at Marienbad,1961,7.431,521,fr
Memories,1995,7.4,515,ja
Marty,1955,7.43,419,en
Scrooge,1951,7.4,350,en
That Obscure Object of Desire,1977,7.4,422,fr
The Hunger Games: Catching Fire,2013,7.429,18034,en
The Florida Project,2017,7.429,2979,en
Lemonade Mouth,2011,7.428,1073,en
Star Trek,2009,7.427,10226,en
The Lady Vanishes,1938,7.4,987,en
Justice League: War,2014,7.427,1137,en
Trinity Is Still My Name,1971,7.427,956,it
Once Upon a Time... in Hollywood,2019,7.426,14329,en
Unbroken,2014,7.426,4268,en
The Muppet Christmas Carol,1992,7.4,1090,en
The Fly,1986,7.4,4761,en
The SpongeBob Movie: Sponge on the Run,2020,7.423,2924,en
Scream,1996,7.4,7558,en
Glory Road,2006,7.424,765,en
In Safe Hands,2018,7.4,522,fr
The Right Stuff,1983,7.423,923,en
The Man Without a Past,2002,7.423,407,fi
Bullet Train,2022,7.421,7081,en
The Lego Movie,2014,7.422,8214,en
The Secret Garden,1993,7.422,949,en
The Phantom of Liberty,1974,7.4,314,fr
I Am a Hero,2016,7.421,482,ja
Kes,1970,7.4,418,en
Richard Jewell,2019,7.4,2637,en
Predestination,2014,7.42,6842,en
A Pure Formality,1994,7.42,375,fr
Hedwig and the Angry Inch,2001,7.4,406,en
Cabaret,1972,7.4,933,en
The Magdalene Sisters,2002,7.42,447,en
Sense and Sensibility,1995,7.4,1782,en
Enemy at the Gates,2001,7.4,3889,en
Baki Hanma VS Kengan Ashura,2024,7.419,308,ja
Missing,2023,7.4,1196,en
Nocturnal Animals,2016,7.418,8095,en
Doctor Strange,2016,7.418,22950,en
Johnny Guitar,1954,7.4,452,en
The Godfather Part III,1990,7.418,6610,en
Saw,2004,7.4,9749,en
Miss Sloane,2016,7.417,1909,en
American Sniper,2014,7.417,13363,en
One Day,2011,7.4,4434,en
Scooby-Doo! in Where's My Mummy?,2005,7.4,409,en
Barbie and the Diamond Castle,2008,7.4,869,en
This Is Spinal Tap,1984,7.417,1538,en
Enter the Dragon,1973,7.4,2008,en
The Last King of Scotland,2006,7.4,2273,en
Duel,1971,7.417,1987,en
The Boy and the Heron,2023,7.4,2405,ja
Zelig,1983,7.4,897,en
Y Tu Mamá También,2001,7.4,1664,es
Bring Her Back,2025,7.4,1220,en
Lost Illusions,2021,7.415,527,fr
Greyhound,2020,7.4,3163,en
Sicario,2015,7.415,9205,en
I Can Quit Whenever I Want,2014,7.415,1829,it
The Flowers of War,2011,7.415,859,zh
Crush,2022,7.414,472,en
The Unforgivable,2021,7.414,1946,en
The Guernsey Literary & Potato Peel Pie Society,2018,7.414,1365,en
Sullivan's Travels,1941,7.414,490,en
Ghost in the Shell 2.0,2008,7.4,441,ja
August Rush,2007,7.4,2779,en
Women on the Verge of a Nervous Breakdown,1988,7.414,962,es
The Children's Train,2024,7.413,300,it
All of Us Strangers,2023,7.413,938,en
The Last Duel,2021,7.413,3674,en
New World,2013,7.4,505,ko
Justice League: Doom,2012,7.4,910,en
American Me,1992,7.4,381,en
Spellbound,1945,7.4,934,en
The Motorcycle Diaries,2004,7.413,1374,es
They Call Me Jeeg,2016,7.412,2553,it
The Good Lie,2014,7.412,558,en
Alice,1988,7.4,337,cs
The Trial,1962,7.411,536,en
Leto,2018,7.41,326,ru
Killers of the Flower Moon,2023,7.41,3860,en
Secretariat,2010,7.4,622,en
My Girl,1991,7.4,2218,en
I Stand Alone,1999,7.41,556,fr
Being John Malkovich,1999,7.41,4620,en
Superman,2025,7.409,3951,en
Summer of 85,2020,7.4,877,fr
The Farewell,2019,7.409,1487,en
The Omen,1976,7.409,2290,en
The Mauritanian,2021,7.4,1215,en
Mr. Church,2016,7.4,498,en
Delusions of Grandeur,1971,7.408,720,fr
Crimes and Misdemeanors,1989,7.408,921,en
American Psycho,2000,7.4,11775,en
18 Presents,2020,7.407,702,it
Creed,2015,7.407,7752,en
Romeo and Juliet,1968,7.4,706,en
The Lovers on the Bridge,1991,7.407,359,fr
The Experiment,2001,7.407,1158,de
Life of Pi,2012,7.4,13501,en
The Secret of Kells,2009,7.4,750,en
Once,2007,7.405,1402,en
Jin-Roh: The Wolf Brigade,1999,7.405,529,ja
The Mad Adventures of Rabbi Jacob,1973,7.4,1020,fr
Mon Oncle,1958,7.4,591,fr
Extraction 2,2023,7.402,2730,en
Black Sunday,1960,7.404,579,it
Naruto Shippuden the Movie,2007,7.404,1046,ja
"Batman: The Long Halloween, Part Two",2021,7.403,559,en
Swept Away,1974,7.403,324,it
The Basketball Diaries,1995,7.4,2115,en
Irma la Douce,1963,7.4,447,en
An American Werewolf in London,1981,7.4,2593,en
Promising Young Woman,2020,7.402,3507,en
When Harry Met Sally...,1989,7.402,4393,en
Boys Don't Cry,1999,7.402,1404,en
Sisu,2022,7.4,2530,fi
Memoir of a Murderer,2017,7.401,343,ko
"Jeanne Dielman, 23, quai du Commerce, 1080 Bruxelles",1976,7.4,365,fr
His Girl Friday,1940,7.4,889,en
Frida,2002,7.401,2114,en
Justice Society: World War II,2021,7.4,589,en
Tarzan,1999,7.4,7109,en
Spider-Man: Far From Home,2019,7.399,16489,en
Taken,2008,7.399,11759,en
Inside Man,2006,7.399,6129,en
Kalashnikov AK-47,2020,7.398,339,ru
The Peanut Butter Falcon,2019,7.4,1535,en
Stargirl,2020,7.398,566,en
A Better Tomorrow,1986,7.4,578,zh
As Good as It Gets,1997,7.4,3974,en
Happy as Lazzaro,2018,7.397,745,it
The Raid,2012,7.397,3705,id
Twin Peaks: Fire Walk with Me,1992,7.4,2136,en
A Quiet Place,2018,7.4,14915,en
Un Chien Andalou,1929,7.4,1363,fr
Ciao Alberto,2021,7.395,686,en
Repulsion,1965,7.4,1062,en
Operation Red Sea,2018,7.394,415,zh
You're Not You,2014,7.4,819,en
When the Wind Blows,1986,7.394,310,en
3096 Days,2013,7.393,959,de
The Mission,1986,7.393,1481,en
El Angel,2018,7.392,566,es
Scooby-Doo! and the Reluctant Werewolf,1988,7.392,328,en
Drunken Master,1978,7.392,1044,cn
The Purple Rose of Cairo,1985,7.4,1100,en
Leo,2023,7.391,1286,en
Monster Pets: A Hotel Transylvania Short,2021,7.4,404,en
Tucker and Dale vs. Evil,2010,7.391,2990,en
Rushmore,1998,7.4,2622,en
The Umbrellas of Cherbourg,1964,7.391,851,fr
The Devil Wears Prada,2006,7.391,12626,en
Ghostland,2018,7.39,2571,en
Like Crazy,2016,7.39,892,it
Stand by Me Doraemon,2014,7.4,570,ja
Law Abiding Citizen,2009,7.39,5478,en
Mad Max 2,1981,7.39,4011,en
Waiting for Bojangles,2021,7.389,337,fr
Once in a Lifetime,2014,7.389,324,fr
South Park: Post COVID: The Return of COVID,2021,7.4,456,en
Rise,2022,7.4,446,fr
Hour of the Wolf,1968,7.4,527,sv
The Long Goodbye,1973,7.4,724,en
Black Hawk Down,2001,7.4,6121,en
Lost in Translation,2003,7.388,7770,en
Falling Down,1993,7.4,3927,en
The Triplets of Belleville,2003,7.386,1002,fr
Selma,2014,7.385,2273,en
The Last of the Mohicans,1992,7.385,3287,en
Clerks,1994,7.385,2647,en
A Time to Kill,1996,7.385,2780,en
Braindead,1992,7.385,1772,en
The Wailing,2016,7.384,1939,ko
Miss You Already,2015,7.4,679,en
Big Fish & Begonia,2016,7.388,466,zh
The Stronghold,2021,7.4,1370,fr
Why Don't You Play in Hell?,2013,7.383,308,ja
Interstate 60,2002,7.383,742,en
Scooby-Doo and the Ghoul School,1988,7.4,304,en
Legends of the Fall,1994,7.383,2753,en
The Collini Case,2019,7.382,419,de
A Dog's Way Home,2019,7.4,1160,en
The Fighter,2010,7.381,4566,en
The Piano,1993,7.381,1597,en
Interview with the Vampire,1994,7.381,6198,en
Drifting Home,2022,7.38,317,ja
The Death of Superman,2018,7.38,796,en
Rudolph the Red-Nosed Reindeer,1964,7.4,623,en
Pain and Glory,2019,7.379,1855,es
Neon Genesis Evangelion: Death and Rebirth,1997,7.4,473,ja
Scooby-Doo! and the Witch's Ghost,1999,7.379,463,en
Only Yesterday,1991,7.379,1193,ja
The Hunt for Red October,1990,7.4,3487,en
Migration,2023,7.375,2136,en
Five Nights at Freddy's,2023,7.377,4684,en
The Conjuring: The Devil Made Me Do It,2021,7.4,6350,en
Joyeux Noel,2005,7.4,899,fr
The Girl with the Dragon Tattoo,2011,7.377,7365,en
The Sucker,1965,7.376,683,fr
La Vie en Rose,2007,7.376,1684,fr
"Maggie Simpson in ""Playdate with Destiny""",2020,7.4,361,en
The Last Letter from Your Lover,2021,7.375,638,en
Leviathan,2014,7.4,915,ru
Stuck in Love,2013,7.375,1978,en
The Lion in Winter,1968,7.375,383,en
Asterix & Obelix: Mission Cleopatra,2002,7.4,3683,fr
Once Were Warriors,1994,7.374,461,en
M3GAN 2.0,2025,7.368,1014,en
Jerry & Marge Go Large,2022,7.373,421,en
My Sister's Keeper,2009,7.373,2193,en
"To Wong Foo, Thanks for Everything! Julie Newmar",1995,7.4,727,en
Grease,1978,7.373,7510,en
Pirates of the Caribbean: Dead Man's Chest,2006,7.373,16730,en
Babylon,2022,7.371,3550,en
Burning,2018,7.4,1732,ko
Mudbound,2017,7.37,1274,en
Palm Trees in the Snow,2015,7.372,537,es
Little Lord Fauntleroy,1980,7.372,300,en
Futurama: Bender's Big Score,2007,7.372,732,en
The Skeleton Dance,1929,7.371,311,en
The Social Network,2010,7.371,12766,en
That Man from Rio,1964,7.4,333,fr
Patema Inverted,2013,7.4,442,ja
Rise of the Guardians,2012,7.369,6969,en
Miracle on 34th Street,1947,7.4,797,en
Office Space,1999,7.37,3228,en
Superman II: The Richard Donner Cut,2006,7.4,366,en
Zulu,1964,7.4,547,en
The Counterfeiters,2007,7.369,662,de
Beetlejuice,1988,7.369,8161,en
First They Killed My Father,2017,7.367,698,en
The Impossible,2012,7.367,6527,en
Serenity,2005,7.367,3723,en
Ice Age,2002,7.367,13920,en
Black Panther,2018,7.4,22983,en
Naruto Shippuden the Movie: The Will of Fire,2009,7.366,496,ja
Blow Out,1981,7.4,1600,en
Perfume: The Story of a Murderer,2006,7.366,4827,en
La Belle Époque,2019,7.365,1045,fr
I Can Quit Whenever I Want 2: Masterclass,2017,7.365,1233,it
Moonlight,2016,7.4,7332,en
Submarine,2011,7.365,1539,en
"Dearest Relatives, Poisonous Relations",1992,7.365,342,it
The Hobbit: An Unexpected Journey,2012,7.364,19139,en
Blood and Bone,2009,7.364,839,en
The Best of Enemies,2019,7.363,460,en
Teen Titans: The Judas Contract,2017,7.4,741,en
Southpaw,2015,7.363,5666,en
The Way of the Dragon,1972,7.363,1221,cn
"What's Up, Doc?",1972,7.4,428,en
If I Stay,2014,7.362,4258,en
A Royal Affair,2012,7.4,914,da
The Remains of the Day,1993,7.362,1424,en
El Dorado,1966,7.361,559,en
That Time I Got Reincarnated as a Slime the Movie: Scarlet Bond,2022,7.36,421,ja
Predator: Badlands,2025,7.351,586,en
Waves,2019,7.4,774,en
The Lunchbox,2013,7.359,769,hi
The Great Gatsby,2013,7.359,12689,en
The Red Violin,1998,7.359,436,fr
Lifeboat,1944,7.4,460,en
A Walk in the Clouds,1995,7.359,1090,en
Through My Window,2022,7.358,3285,es
Little Tickles,2018,7.358,374,fr
The Big Short,2015,7.358,9518,en
Tinker Bell and the Legend of the NeverBeast,2014,7.358,1157,en
Jackie Brown,1997,7.358,6715,en
Europa,1991,7.357,343,de
Bad Education,2004,7.4,1018,es
I Can Quit Whenever I Want 3: Ad Honorem,2017,7.356,983,it
Fruitvale Station,2013,7.356,1377,en
Road to Ninja: Naruto the Movie,2012,7.356,1226,ja
The Woman in the Window,1944,7.4,368,en
Shane,1953,7.4,656,en
The Station Agent,2003,7.356,737,en
Goldfinger,1964,7.356,3800,en
The Witch: Part 2. The Other One,2022,7.355,406,ko
No Time to Die,2021,7.355,6778,en
Crossroads,1986,7.4,459,en
Mutiny on the Bounty,1935,7.4,366,en
Pay It Forward,2000,7.355,1924,en
Match Point,2005,7.355,4244,en
Shine,1996,7.4,683,en
Blow,2001,7.354,4480,en
Jacob's Ladder,1990,7.354,1799,en
Meet Joe Black,1998,7.354,5572,en
An Affair to Remember,1957,7.4,491,en
The Time Machine,1960,7.4,875,en
Darkest Hour,2017,7.352,5357,en
Wreck-It Ralph,2012,7.352,12784,en
Dragon Ball: The Path to Power,1996,7.4,384,ja
RoboCop,1987,7.352,5499,en
The African Queen,1952,7.352,1010,en
The Life of Chuck,2025,7.355,589,en
The One and Only Ivan,2020,7.351,614,en
Horse Fever,1976,7.351,375,it
Tekkonkinkreet,2006,7.351,397,ja
The Little Mermaid,1989,7.351,8220,en
The Terminal,2004,7.4,8389,en
End of Watch,2012,7.35,3474,en
Minority Report,2002,7.35,9272,en
The Ugly Stepsister,2025,7.346,726,no
Injustice,2021,7.349,817,en
PAW Patrol: The Movie,2021,7.344,1249,en
Okja,2017,7.3,4436,en
Frantz,2016,7.3,717,fr
Undisputed II: Last Man Standing,2006,7.349,870,en
Eastern Promises,2007,7.35,3568,en
Close Encounters of the Third Kind,1977,7.349,4459,en
Descendants 2,2017,7.348,1735,en
Pelé: Birth of a Legend,2016,7.3,1126,en
Bad Boys: Ride or Die,2024,7.347,3135,en
Through the Fire,2018,7.347,702,fr
Remember,2015,7.3,734,en
Saving Mr. Banks,2013,7.3,3403,en
Rudy,1993,7.3,721,en
Watchmen,2009,7.347,9669,en
Kelly's Heroes,1970,7.3,769,en
Road to Perdition,2002,7.347,3846,en
Pierrot le Fou,1965,7.3,909,fr
Those Happy Days,2006,7.346,1074,fr
The Enigma of Kaspar Hauser,1974,7.346,355,de
Eraserhead,1977,7.346,2651,en
Pickup on South Street,1953,7.345,307,en
The Man in the Moon,1991,7.3,338,en
The Lady from Shanghai,1947,7.345,701,en
Mufasa: The Lion King,2024,7.3,2459,en
The Boss Baby: Family Business,2021,7.3,2640,en
Adaptation.,2002,7.3,2657,en
The Wind That Shakes the Barley,2006,7.344,860,en
Fantasia,1940,7.344,3220,en
Split,2017,7.343,17981,en
On the Basis of Sex,2018,7.343,1089,en
Philomena,2013,7.343,1668,en
The Yellow Sea,2010,7.3,536,ko
The Abyss,1989,7.343,3262,en
The Marching Band,2024,7.342,411,fr
Scooby-Doo! WrestleMania Mystery,2014,7.342,326,en
The Wicker Man,1973,7.3,1551,en
Minari,2021,7.3,1762,en
Blindspotting,2018,7.341,706,en
French Fried Vacation 2,1979,7.341,1239,fr
A Matter of Loaf and Death,2008,7.3,574,en
Nowhere,2023,7.34,1494,es
John Wick: Chapter 2,2017,7.34,13815,en
The Physician,2013,7.34,1132,en
Red Desert,1964,7.342,486,it
The Color of Pomegranates,1969,7.3,309,hy
Batman Beyond: Return of the Joker,2000,7.339,1167,en
The Killers,1946,7.3,411,en
Johnny Stecchino,1991,7.339,1046,it
Wait Until Dark,1967,7.3,569,en
Ghost Dog: The Way of the Samurai,1999,7.339,1330,en
A Man for All Seasons,1966,7.3,467,en
Words Bubble Up Like Soda Pop,2021,7.338,317,ja
Frances Ha,2013,7.338,1762,en
Rise of the Planet of the Apes,2011,7.338,12422,en
Hamlet,1996,7.3,499,en
Down by Law,1986,7.3,805,en
A Nightmare on Elm Street,1984,7.3,5517,en
Belladonna of Sadness,1973,7.3,343,ja
Red River,1948,7.3,566,en
Lord of War,2005,7.3,5110,en
The 39 Steps,1935,7.3,1009,en
The Idea of You,2024,7.3,1821,en
The In Between,2022,7.336,815,en
The Big Sick,2017,7.336,2551,en
Palm Springs,2020,7.335,3475,en
Ghostbusters: Afterlife,2021,7.335,4956,en
Vagabond,1985,7.3,344,fr
Christiane F.,1981,7.335,1398,de
Gentlemen Prefer Blondes,1953,7.3,1026,en
Dungeons & Dragons: Honor Among Thieves,2023,7.334,4257,en
Dawn of the Planet of the Apes,2014,7.3,11920,en
A Letter to Momo,2012,7.3,386,ja
Now You See Me,2013,7.334,16263,en
Kirikou and the Sorceress,1998,7.3,1140,fr
Sorry We Missed You,2019,7.333,800,en
True Grit,1969,7.333,824,en
The Twelve Tasks of Asterix,1976,7.3,1308,fr
Z-O-M-B-I-E-S 3,2022,7.332,432,en
Black Box,2021,7.332,1368,fr
The Butler,2013,7.332,2966,en
Bubble,2022,7.337,455,ja
Decision to Leave,2022,7.331,1381,ko
All That Heaven Allows,1955,7.331,321,en
Chocolate,2008,7.3,536,th
Love & Basketball,2000,7.3,453,en
Unlocked,2023,7.33,379,ko
13 Assassins,2010,7.33,1214,ja
The Eighth Day,1996,7.33,303,fr
Dear Diary,1993,7.33,500,it
Dirty Dancing,1987,7.33,6357,en
Turning Red,2022,7.328,5604,en
Spider-Man: Homecoming,2017,7.3,22648,en
The Hobbit: The Battle of the Five Armies,2014,7.33,14924,en
A Woman Is a Woman,1961,7.329,390,fr
G.O.R.A.,2004,7.329,354,tr
My Father's Glory,1990,7.3,324,fr
Ghost in the Shell 2: Innocence,2004,7.33,933,ja
Dark City,1998,7.329,3044,en
Batman: Assault on Arkham,2014,7.3,1163,en
The Hangover,2009,7.327,17640,en
The Sea Beast,2022,7.327,1619,en
The Judge,2014,7.327,4296,en
Possession,1981,7.3,1249,en
Sophie's Choice,1982,7.327,902,en
Blow-Up,1966,7.327,1323,en
Cherry,2021,7.3,1336,en
"Bianco, rosso e Verdone",1981,7.326,731,it
The Bandit,1996,7.326,341,tr
Mystery Train,1989,7.326,479,en
21 Grams,2003,7.326,3275,en
The Zookeeper's Wife,2017,7.325,1538,en
Glengarry Glen Ross,1992,7.325,1525,en
Papillon,2017,7.324,2059,en
High Plains Drifter,1973,7.324,1277,en
Cyrano de Bergerac,1990,7.324,801,fr
The Bourne Supremacy,2004,7.324,7886,en
A Hard Day's Night,1964,7.3,717,en
Belle de Jour,1967,7.324,976,fr
The Mafia Kills Only in Summer,2013,7.3,1118,it
